Elvis Presley,heavy metal,@Elvis Presley,4214117,Summer 91 (Looking Back),Beautiful Madness
Elton John,metalcore,@Elton John,87336468,Jealousy jealousy,Alejandro
Bob Dylan,disco,@Bob Dylan,85361734,The Fear,Take My Breath
The Beatles,punk rock,@The Beatles,38606237,No Love (feat. Lil Wayne),In Your Eyes
Eric Clapton,classic rock,@Eric Clapton,4733319,My Head and My Heart,Believe Me
Queen,jazz,@Queen,63910715,Pain,Ich hasse Kinder
Rod Stewart,hip hop,@Rod Stewart,23968889,The Secret He Had Missed,Everybody
Johnny Cash,k-pop,@Johnny Cash,92309468,If It's Love,Drive
Van Morrison,hip hop,@Van Morrison,45963235,Dirty Hands (Gone Mad),Need To Know
The Beach Boys,electro music,@The Beach Boys,81851107,Desert Rose,Wasted Love
Prince,folk,@Prince,24812113,Don't Be Shy,Rollin'
Bruce Springsteen,rap rock,@Bruce Springsteen,486935,Dance Monkey,Strange Effect
The Rolling Stones,jazz,@The Rolling Stones,15406715,The Mission "M Is for Milla Mix",Tesla
Perry Como,rap rock,@Perry Como,4519934,Runaway,Good Girls
AC/DC,metalcore,@AC/DC,52403558,Alone With You,Take me to church
George Strait,country,@George Strait,77175987,love nwantiti,Found
David Bowie,electro music,@David Bowie,68270533,Desert Rose,Therefore I Am
Aerosmith,rave,@Aerosmith,92794821,Devil town,To Better Days
Sarah Brightman,hard rock,@Sarah Brightman,39563477,The Windmills Of Your Mind,Oh My Darling
Reba McEntire,pop,@Reba McEntire,74480194,Toxicity,Jail
Michael Jackson,metalcore,@Michael Jackson,793892,Say It Right,4 To The Floor
Eminem,latin music,@Eminem,5884552,My Life Is Going On,Let Them Know
James Taylor,folk,@James Taylor,73706339,Understand Your Man,Believe Me
Madonna,alternative rock,@Madonna,61883734,Kiss My (Uh Oh),Blame
The Clash,funk,@The Clash,13979903,Whenever You're Ready (Acoustic),You Don't Fool Me
Kris Kristofferson,latin music,@Kris Kristofferson,39329589,All I Know So Far,Conga
Alice Cooper,latin music,@Alice Cooper,7165589,Shoot To Thrill,Be Free
Kiss,k-pop,@Kiss,77610730,Dynamite,Love The Way You Lie (feat. Rihanna)
Neil Young,pop rap,@Neil Young,25846195,Risk It All,How You Remind Me
Starset,metalcore,@Starset,2316152,Cover Me In Sunshine,Somebody That I Used To Know
Dua Lipa,pop rap,@Dua Lipa,40163983,The Magic Key,Good Girls
Normandie,alternative rock,@Normandie,78882118,Believe Me,RED
Linked Horizon,rap rock,@Linked Horizon,51496365,The Business,Sunshine
Muse,punk rock,@Muse,92398607,Experience,Mad About Bars
Coldplay,rap rock,@Coldplay,85924815,All Good Things,Signs (reimagined)
Paramore,metal,@Paramore,90700610,Power,In the End
Bring Me The Horizon,indie pop,@Bring Me The Horizon,90386337,Need You Now,2055
Cardi B,disco,@Cardi B,94441397,If You Really Love Me (How Will I Know),Morrow
Oasis,glam rock,@Oasis,87918945,Astronaut In The Ocean,Born To Be Yours
Black Sabbath,hard rock,@Black Sabbath,68588413,Midnight City,Story of My Life
Blur,electro music,@Blur,6505311,Stronger,Understand Your Man
Arctic Monkeys,r&b,@Arctic Monkeys,12027389,Butter,Borrowed Time
The Smiths,hip hop,@The Smiths,41608729,Don't Be Shy,Better Days
The Cure,glam rock,@The Cure,28695484,Tell Me Something Good (Mixed),Jail
Depeche Mode,rap,@Depeche Mode,89359528,This Is Where It Ends,Kings and Queens
Placebo,jazz,@Placebo,3450481,Forgotten,Fly Away
One Direction,alternative rock,@One Direction,72173392,Gyalis,Friday I’m In Love
Harry Styles,raggae,@Harry Styles,9370863,Woman,You for Me
Machine Gun Kelly,metal,@Machine Gun Kelly,67361177,Cake By The Ocean,Sugar
The Prodigy,hard rock,@The Prodigy,42800261,Born To Be Yours,Everything Fades
BTS,disco,@BTS,22314749,Woman,Fountains
Blackpink,glam rock,@Blackpink,78534401,Little Bit of Love,One Step Closer
Deep Purple,rap rock,@Deep Purple,29053359,Who's They,Throne
Gorillaz,rock,@Gorillaz,47451855,Chop Suey!,When My Blue Moon Turns To Gold Again
Christina Aguilera,pop,@Christina Aguilera,95742953,Take Me Away,Lights Down
Britney Spears,rap,@Britney Spears,14120273,Lovely,Why Do You Lie To Me
Editors,electro music,@Editors,29486901,Boyz N Da Club,Obsessed With You
Our Last Night,pop rap,@Our Last Night,70347071,Mamacita,Take You Dancing
Sex Pistols,pop,@Sex Pistols,87023852,Fire In The Sky,Butter
The Killers,rap rock,@The Killers,93353616,Stronger,Fountains
Florence + the Machine,hip hop,@Florence + the Machine,12116067,Leave Before You Love Me,Get You Down
Amy Winehouse,pop,@Amy Winehouse,49923036,Painkiller,Love (Sweet Love)
Sia,r&b,@Sia,73679527,Sweater weather,Visiting Hours
P!nk,folk,@P!nk,78813603,Prayers,Fuck That
Genesis,metal,@Genesis,55184015,Seventh Heaven,Diamonds
Beyonce,r&b,@Beyonce,64282005,U + Ur Hand,Diego
Kelly Clarkson,disco,@Kelly Clarkson,16590248,Manana,Cake By The Ocean
Enter Shikari,country,@Enter Shikari,52455041,Play That Funky Music,By Your Side
Black Veil Brides,alternative rock,@Black Veil Brides,77031946,Come Together,Talk About
Skillet,k-pop,@Skillet,78502809,Fuel To Fire,Leather And Lace
The Neighbourhood,indie pop,@The Neighbourhood,69329575,Found,My Way
Shakira,rave,@Shakira,66523439,LightHouse,I GUESS I'M IN LOVE
Fall Out Boy,heavy metal,@Fall Out Boy,72993242,Stay,Father And Son
Panic! At The Disco,pop rap,@Panic! At The Disco,99393298,Carnival of Rust,Bury a Lie
I See Stars,latin music,@I See Stars,40895366,Don't Break the Heart,Industry Baby
Caskets,metal,@Caskets,54096059,Turn Down For What,Bleeding Out
Scorpions,country,@Scorpions,86220883,My Life Is Going On,Turn Down For What
System Of A Down,gospel music,@System Of A Down,97279525,Freed From Desire,Sleep
Zero Horizon,punk rock,@Zero Horizon,40327669,Dusk Till Dawn,Choose Me
All Time Low,heavy metal,@All Time Low,43439922,Hometown Glory,Lying In The Sunshine
Imagine Dragons,heavy metal,@Imagine Dragons,49439578,What I've Done,Chosen
Annisokay,metal,@Annisokay,95765401,Alone,Where Is The Love?
Hollywood Undead,gospel music,@Hollywood Undead,719837,Eye Opener,Alejandro
A Day To Remember,folk,@A Day To Remember,9270148,Lying In The Sunshine,Uptown Funk
Rise Against,gospel music,@Rise Against,64682629,Fall Down,Dancing On Dangerous
I Prevail,metalcore,@I Prevail,70943722,Hurricane,Space Melody
Falling In Reverse,metal,@Falling In Reverse,48482320,Atlas Falls,We Are Little Big
My Chemical Romance,classical music,@My Chemical Romance,7734491,Meet Me At Our Spot,Gangsta's paradise
Crown The Empire,classical music,@Crown The Empire,73518826,I'm Gonna Be (500 Miles),Walking The Wire
Bad Omens,classic rock,@Bad Omens,76409633,The Business,Kokomo
Royal Blood,trap,@Royal Blood,37570791,Better Days,Piano Banana
Wildways,jazz,@Wildways,93156728,Wasted Love,Together
Slaves,folk,@Slaves,60782228,Kingston Town,Children
FEVER33,r&b,@FEVER33,98062842,Beautiful Madness,I Love You I Hate You
Нервы,r&b,@Нервы,91242807,A Little Party Never Killed Nobody (All We Got),Manana
Валерий Меладзе,raggae,@Валерий Меладзе,55671812,Wannabe,Another love
Lana Del Ray,electro music,@Lana Del Ray,94638975,Promises,Friday I’m In Love
Linkin Park,classic rock,@Linkin Park,70851723,Jealousy jealousy,Wasting My Youth
Arash,classic rock,@Arash,60851401,Manana,My Head and My Heart
Enrique Iglesias,latin music,@Enrique Iglesias,82789703,I Love You Always Forever,Out Out
Sting,classical music,@Sting,45385108,Leather And Lace,Surviving The Game
Inna,disco,@Inna,77428940,On My Own,Wannabe
Rihanna,raggae,@Rihanna,12553644,Kiss Me More,Us
Scooter,disco,@Scooter,25057096,You Don't Fool Me,Sympathy For The Devil
Stray Kids,country,@Stray Kids,77680794,Choose Me,Take A Chance On Me
Måneskin,folk,@Måneskin,67011479,Wid It,Runaway With It
Slipknot,pop rock,@Slipknot,33403281,The Business,Talk to a Friend
50 Cent,trap,@50 Cent,90382386,Let's Love,Dance Monkey
Celine Dion,hard rock,@Celine Dion,98305973,Carnival of Rust,Dakiti
Minelli,trap,@Minelli,36900025,rockstar,Just for me
Evanescence,glam rock,@Evanescence,88259468,Seven Nation Army,Stupid Feelings
The Weeknd,rock,@The Weeknd,66092377,Angels Lullaby,Prayers
The Offspring,classical music,@The Offspring,41662164,Survival,Yesterday
Nirvana,latin music,@Nirvana,35964013,If You Ever Leave I'm Coming with You,FLY HIGH!!!
Akcent,glam rock,@Akcent,68479927,Give It Away,The Windmills Of Your Mind
Lara Fabian,electro music,@Lara Fabian,88907769,Where Is The Love?,Head & Heart
K-Maro,alternative rock,@K-Maro,8421417,I WANT YOU BACK,All Star
The Rasmus,disco,@The Rasmus,96296241,Gyalis,All Star
Disturbed,hard rock,@Disturbed,31377737,No Stress,Chemical
Ava Max,metalcore,@Ava Max,48772143,Understand Your Man,You & I
Pink,metal,@Pink,1004200,Fire Fire,Love Tonight
Lil Nas X,latin music,@Lil Nas X,82077878,In The Shadows,City Of Stars
Lady Gaga,funk,@Lady Gaga,92857604,Youth,VIVID VICE
Nickelback,hard rock,@Nickelback,87048690,Monster (reimagined),No Twerk
ATB,glam rock,@ATB,58522781,The Magic Key,Before I Cave In
David Guetta,classical music,@David Guetta,68476300,Drive,Petite
Rammstein,r&b,@Rammstein,77023718,Like a Shadow,Holding Me Down
Alizee,pop rap,@Alizee,87776437,Bloodstream,Tell Me Something Good (Mixed)
Pitbull,folk,@Pitbull,73158119,Chemical,Girl Like Me
Twenty One Pilots,classic rock,@Twenty One Pilots,33539598,Reason Living,The Magic Key
Bryan Adams,rave,@Bryan Adams,21523717,Ghost Like You,Risk It All
Selena Gomez,alternative rock,@Selena Gomez,35888616,Nirvana,You Don't Fool Me
Doja Cat,jazz,@Doja Cat,37972505,Wasting My Youth,Falling
Whitney Houston,rock,@Whitney Houston,23852934,Save Your Tears,Prayers
Dj Aligator,punk rock,@Dj Aligator,29053463,Glory Box,City Of Stars
Sade,disco,@Sade,59695803,Clash,Heartbreak Anthem
Three Days Grace,latin music,@Three Days Grace,69804903,Fireworks,I'm a Pop
Ghostemane,r&b,@Ghostemane,14341111,Fine Line,Take My Breath
Ed Sheeran,metal,@Ed Sheeran,54245674,Does Your Mother Know,Piano Banana
Justin Timberlake,electro music,@Justin Timberlake,54421562,Harleys In Hawaii,Jealousy jealousy
Ariana Grande,metal,@Ariana Grande,55201330,I Love You I Hate You,Like a Shadow
Oliver Tree,pop rock,@Oliver Tree,22513899,Hall of Fame,TRASH CANDY
Akon,electro music,@Akon,49176128,Fantasy,Deep End
Moby,rap rock,@Moby,1998822,I'm Gonna Be (500 Miles),Love Tonight
Iron Maiden,pop,@Iron Maiden,19766527,Painkiller,Petite
Ozzy Osbourne,pop,@Ozzy Osbourne,41937243,Afterglow,Wannabe
LP,k-pop,@LP,61826369,Ca Plane Pour Moi,love nwantiti
Mustafa Sandal,gospel music,@Mustafa Sandal,57578109,Break My Heart,Just for me
DMX,rock,@DMX,46759153,Piano Banana,Follow You
Bon Jovi,raggae,@Bon Jovi,84926533,Mood Ring,Chalk Outline
Powerwolf,jazz,@Powerwolf,84716322,Skate,Run Run
Manowar,funk,@Manowar,17590277,No Love (feat. Lil Wayne),Animals
Armin van Buuren,folk,@Armin van Buuren,33328389,Monster (reimagined),I Miss the Misery
Red Hot Chili Peppers,jazz,@Red Hot Chili Peppers,89736516,Glory Box,Alejandro
Guns N' Roses,k-pop,@Guns N' Roses,24976358,Someone You Loved,Wrecked
Backstreet Boy,r&b,@Backstreet Boy,72857566,Skate,Am I Wrong
Era,k-pop,@Era,51061677,No Stress,Gangsta's paradise
Hurts,k-pop,@Hurts,62258203,Beautiful Madness,Everything
Snoop Dogg,raggae,@Snoop Dogg,65825464,Who's They,Touch OFF
Plazma,pop rock,@Plazma,62793906,found & lost,Dusk Till Dawn
Limp Bizkit,disco,@Limp Bizkit,76850278,Wannabe,Pain
XXXTentacion,k-pop,@XXXTentacion,7285717,Head & Heart,Fantasy
Lian Ross,r&b,@Lian Ross,53586922,Painkiller,Take me to church
Crazy Frog,rave,@Crazy Frog,12139302,Heat Waves,Should I Stay Or Should I Go
Maroon 5,k-pop,@Maroon 5,75902078,Gyalis,Follow You
Jennifer Lopez,funk,@Jennifer Lopez,74806919,Before I Cave In,Shoot To Thrill
Benny Benassi,k-pop,@Benny Benassi,20995359,Devil town,VIVID VICE
Justin Bieber,pop rap,@Justin Bieber,49917655,Hands Up,Love Me Tender
Avril Lavigne,jazz,@Avril Lavigne,89866512,All I Know So Far,Bloodstream
Myriam Fares,indie pop,@Myriam Fares,38204395,Jealousy jealousy,Fall Down
Imany,country,@Imany,65543086,Afterglow,Holiday
Nightwish,rave,@Nightwish,53672801,drivers license,Break My Heart
Korn,r&b,@Korn,57588785,SOS,Diamonds
Nancy Ajram,electro music,@Nancy Ajram,91171104,Summer Of Love,Follow You
Katy Perry,trap,@Katy Perry,41229526,Now I Know,Take Me Away
Haddaway,pop rap,@Haddaway,98060257,Stay,I Want It All
George Michael,classical music,@George Michael,29810191,Ghost Like You,Girls Want Girls
Ice Mc,latin music,@Ice Mc,28072319,Now I Know,Bury a Lie
Evan Band,rap rock,@Evan Band,27951864,fleabag,Run Run
Bruno Mars,glam rock,@Bruno Mars,14982902,Leave Before You Love Me,TRASH CANDY
Space,gospel music,@Space,26993081,LightHouse,Some Say
Dava,metal,@Dava,74009022,Chosen,Are You Lonesome Tonight?
Halsey,heavy metal,@Halsey,66747184,Uptown Funk,Montero (Call Me By Your Name)
Lil Peep,raggae,@Lil Peep,65521218,Moustache,Little Bit of Love
Travis Scott,rave,@Travis Scott,52857981,Why Do You Lie To Me,You Don't Know
Xcho,k-pop,@Xcho,16893555,Head And Heart,Prayers
Black Eyed Peas,heavy metal,@Black Eyed Peas,68445794,Midnight City,Hometown Glory
System of a Down,latin music,@System of a Down,80938595,Iron,Someone You Loved
Escape,rock,@Escape,2669516,Someone,If It's Love
Jason Derulo,jazz,@Jason Derulo,85633913,Chalk Outline,Fake I.D
Nataliya,raggae,@Nataliya,71208210,White Rabbit,Believer
ZZ Top,classic rock,@ZZ Top,23815328,Livin' In A World Without You,Numb
Rafet El Roman,glam rock,@Rafet El Roman,41135535,Experience,Bury a Lie
Enya,alternative rock,@Enya,9583632,Jealousy jealousy,Born To Be Yours
Nelly Furtado,indie pop,@Nelly Furtado,74631919,Believe Me,Billie (Loving Arms)
Marilyn Manson,rave,@Marilyn Manson,38002767,Eye Opener,Creep
H.I.M,pop rap,@H.I.M,25305855,You Could Be,Love Tonight
Calvin Harris,metalcore,@Calvin Harris,85269565,Touch OFF,This Is Where It Ends
Anastacia,rap,@Anastacia,65687628,Time of Dying,Rollin'
Turbotronic,pop rap,@Turbotronic,2016221,Monster (reimagined),Dark Red
Judas Priest,folk,@Judas Priest,82431627,Together,I Feel It Coming
A-ha,country,@A-ha,54439286,When My Blue Moon Turns To Gold Again,Bad Habits
Morgernshtern,folk,@Morgernshtern,99075569,Can't Come To The Phone,Good Girls
EVE,hard rock,@EVE,40395516,Rampampam,We Can Come Together
Lisa,rap rock,@Lisa,79228981,Better Days,When You're Out
Asking Alexandria,classical music,@Asking Alexandria,92972664,Animals,All Good Things
Hands Like Houses,metal,@Hands Like Houses,6935147,Come Together,Animal I Have Become
Netta,rap,@Netta,29911221,Experience,Hands Up
Little Big,trap,@Little Big,95131348,Someone You Loved,Break My Heart
She Wants Revenge,r&b,@She Wants Revenge,43413971,Bleeding Out,better
Dayseeker,r&b,@Dayseeker,43403499,Weekend,Frozen
Too Close To Touch,k-pop,@Too Close To Touch,43514444,Dance Monkey,Prayers
Nerv,glam rock,@Nerv,10145058,Girls Want Girls,Love On The Brain
Glass Tides,r&b,@Glass Tides,91287504,Loving Is Easy,Meet Me At Our Spot
Picturesque,classical music,@Picturesque,19286554,Someone You Loved,Ways To Disappear
The World Alive,pop,@The World Alive,88580382,Seventeen Going Under,Leck
Thosand Below,classic rock,@Thosand Below,99931300,Breathe,Seventh Heaven
UVERworld,rap rock,@UVERworld,21413628,Alors On Danse,Signs (reimagined)
BURNOUT SYNDROMES,electro music,@BURNOUT SYNDROMES,13947171,Remember,Survival
Solence,funk,@Solence,65635007,Goosebumps,LightHouse
Fit for a King,alternative rock,@Fit for a King,33102652,found & lost,Sweater weather
Hollow Front,heavy metal,@Hollow Front,12275247,Rumors,Happier
Fame on Fire,classical music,@Fame on Fire,19590606,Wannabe,Chosen
Arcaeus,latin music,@Arcaeus,15230424,Walking The Wire,Ich hasse Kinder
Noragami,gospel music,@Noragami,13310094,Back In The U.S.S.R.,Animals
The Score,disco,@The Score,27573819,Gone Forever,traitor
Papa Roach,trap,@Papa Roach,99243760,Roses,Don't shut me down
Ed Scott,punk rock,@Ed Scott,45907382,I Gotta Be Me,Save Your Tears
Bad Wolves,raggae,@Bad Wolves,35182705,Understand Your Man,Better Days
Lady not Gaga,gospel music,@Lady not Gaga,21292421,Toxicity,Story of My Life
Two Direction,heavy metal,@Two Direction,79491526,Rampampam,Animal I Have Become
James Arthur,folk,@James Arthur,38050655,By Myself,Hello
Shawn Mendes,metalcore,@Shawn Mendes,29894000,We Can Come Together,Don't Break the Heart
The Vamps,latin music,@The Vamps,15427549,Don't Stop The Music,Clean Again
Little mix,gospel music,@Little mix,57805329,Monster (reimagined),Fake I.D
Stay kids,rave,@Stay kids,87433776,Cover Me In Sunshine,Am I Wrong
Sam Smith,pop rap,@Sam Smith,4970536,Dancing On Dangerous,Better Days
Doja dog,raggae,@Doja dog,15764135,Somewhere I Belong,Runaway Baby
Jony,r&b,@Jony,27504644,Dreamin,Human
Guma,pop rap,@Guma,31988995,Cover Me In Sunshine,Like I Do
Friday Night,rock,@Friday Night,62009367,Heavier,Can't Stop
Bush,latin music,@Bush,77279779,Falling,I Only Have Eyes For You
Pop Evil,disco,@Pop Evil,6603674,Oops,I Still Have Faith In You
Museum,funk,@Museum,75703375,Empty Thoughts,Astronaut In The Ocean
Fozzy,jazz,@Fozzy,3863210,Eye Opener,Wrecked
Saul,disco,@Saul,14839952,Throne,I WANT YOU BACK
I Prevail you,alternative rock,@I Prevail you,18070199,Fire Fire,Cold Heart
Dust,punk rock,@Dust,86143726,Dancing Queen,The Sun
coldrain,rap,@coldrain,48720198,Chosen,Animal I Have Become
Elvis Presley1,rap rock,@Elvis Presley1,28636436,Cursed,Prayers
Elton John1,heavy metal,@Elton John1,73750474,Just Like Fire,My Happy Ending
Bob Dylan1,hard rock,@Bob Dylan1,57695663,Beggin,Youth
The Beatles1,heavy metal,@The Beatles1,52408608,Clean Again,Runaway With It
Eric Clapton1,k-pop,@Eric Clapton1,35010788,Love (Sweet Love),Animal I Have Become
Queen1,classical music,@Queen1,93186516,Power,Never Going Home
Rod Stewart1,disco,@Rod Stewart1,14480257,Dancing Queen,Say It Right
Johnny Cash1,k-pop,@Johnny Cash1,75055860,Does Your Mother Know,Fantasy
Van Morrison1,glam rock,@Van Morrison1,29736269,Shut Up and Dance,Take me to church
The Beach Boys1,glam rock,@The Beach Boys1,47353750,Salt,Witch Hunt
Prince1,rave,@Prince1,98415870,Animal I Have Become,Every Time You Turn Around
Bruce Springsteen1,rock,@Bruce Springsteen1,46847859,Stay,Lost in Echoes
The Rolling Stones1,rock,@The Rolling Stones1,52651650,Yesterday,Badala Zamana
Perry Como1,trap,@Perry Como1,53838109,Talk to a Friend,Clash
AC/DC1,punk rock,@AC/DC1,54132430,Wrecked,Dirty Hands (Gone Mad)
George Strait1,hard rock,@George Strait1,19795025,FLY HIGH!!!,Stronger
David Bowie1,rap rock,@David Bowie1,34841589,Obsessed With You,Run Run
Aerosmith1,metal,@Aerosmith1,76410717,About You Now,love nwantiti
Sarah Brightman1,trap,@Sarah Brightman1,21989693,Take You Dancing,FLY HIGH!!!
Reba McEntire1,pop,@Reba McEntire1,506587,Black Magic,White Rabbit
Michael Jackson1,country,@Michael Jackson1,58410196,I Hate Everything About You,Kissing Strangers
Eminem1,rock,@Eminem1,88095785,Need To Know,Does Your Mother Know
James Taylor1,trap,@James Taylor1,68783998,Shoot To Thrill,Summer in the City
Madonna1,pop rap,@Madonna1,42242898,Don't be so shy,Dancing On Dangerous
The Clash1,raggae,@The Clash1,65124973,When My Blue Moon Turns To Gold Again,Unstoppable
Kris Kristofferson1,punk rock,@Kris Kristofferson1,60276509,When You're Out,Blinding Lights
Alice Cooper1,metal,@Alice Cooper1,90054925,Toxicity,Heavier
Kiss1,pop rap,@Kiss1,38840484,Friday I’m In Love,Mamacita
Neil Young1,pop,@Neil Young1,56264419,Girlfriend,Ghost Like You
Starset1,indie pop,@Starset1,28020391,Therefore I Am,Prayers
Dua Lipa1,disco,@Dua Lipa1,56979659,Losing My Mind,Conga
Normandie1,punk rock,@Normandie1,78892915,All I Know So Far,Us
Linked Horizon1,folk,@Linked Horizon1,61669494,Beautiful Madness,Slepptalk
Muse1,glam rock,@Muse1,96557321,Happier,Ooh Wee
Coldplay1,funk,@Coldplay1,7690322,I Don't Want You,Stronger
Paramore1,alternative rock,@Paramore1,65861130,Desert Rose,Visiting Hours
Bring Me The Horizon1,metal,@Bring Me The Horizon1,79767817,Mona Lisa,Wasted
Cardi B1,heavy metal,@Cardi B1,32099468,Violent Pornography,Iron
Oasis1,folk,@Oasis1,41792380,Youth,Back In The U.S.S.R.
Black Sabbath1,electro music,@Black Sabbath1,94174544,If You Really Love Me (How Will I Know),Boyz N Da Club
Blur1,hip hop,@Blur1,45664905,How Can I Make It OK?,Dakiti
Arctic Monkeys1,glam rock,@Arctic Monkeys1,35281455,Take me to church,By Myself
The Smiths1,r&b,@The Smiths1,27839558,La Grenade,Therefore I Am
The Cure1,heavy metal,@The Cure1,4481331,Morrow,Signs (reimagined)
Depeche Mode1,folk,@Depeche Mode1,31180024,Obsessed With You,Dreamin
Placebo1,electro music,@Placebo1,2151583,Let's Love,Woman
One Direction1,pop rock,@One Direction1,61869224,Kiss My (Uh Oh),Clash
Harry Styles1,latin music,@Harry Styles1,93627215,Space Melody,Clash
Machine Gun Kelly1,rap,@Machine Gun Kelly1,21347028,Holding Me Down,Love Or Lust
The Prodigy1,punk rock,@The Prodigy1,57169914,Therefore I Am,Sympathy
BTS1,raggae,@BTS1,41719946,Wasting My Youth,Some Say
Blackpink1,rap rock,@Blackpink1,56289719,Fountains,You Don't Know
Deep Purple1,hip hop,@Deep Purple1,24104317,I GUESS I'M IN LOVE,Don't Go Yet
Gorillaz1,jazz,@Gorillaz1,27019918,I Love You I Hate You,VIVID VICE
Christina Aguilera1,rock,@Christina Aguilera1,56325743,Get Lucky,Bang Bang
Britney Spears1,hip hop,@Britney Spears1,62049529,Ghost Like You,Let's Groove
Editors1,rap rock,@Editors1,88627143,Let Them Know,I Want It All
Our Last Night1,pop rock,@Our Last Night1,31349902,My Happy Ending,Where Is The Love?
Sex Pistols1,rap,@Sex Pistols1,97107845,Violent Pornography,Beggin
The Killers1,k-pop,@The Killers1,38181650,Dynamite,Gangsta's paradise
Florence + the Machine1,classic rock,@Florence + the Machine1,92188106,All Star,Just for me
Amy Winehouse1,disco,@Amy Winehouse1,37714978,I Don't Want You,Experience
Sia1,raggae,@Sia1,63094226,Anchor,She's Wild
P!nk1,classical music,@P!nk1,30903413,No Friends In The Industry,traitor
Genesis1,r&b,@Genesis1,37073551,Pump Up The Jam,Fireworks
Beyonce1,pop rock,@Beyonce1,90911303,Fall Down,Aerials
Kelly Clarkson1,gospel music,@Kelly Clarkson1,23622014,Chop Suey!,Sympathy For The Devil
Enter Shikari1,rap,@Enter Shikari1,7121478,Bang Bang,Fuck That
Black Veil Brides1,metalcore,@Black Veil Brides1,48877808,Fire In The Sky,Witch
Skillet1,alternative rock,@Skillet1,91774551,One Step Closer,TRASH CANDY
The Neighbourhood1,alternative rock,@The Neighbourhood1,75518250,This Is Where It Ends,In The Shadows
Shakira1,classical music,@Shakira1,33460748,Let Them Know,Animals
Fall Out Boy1,glam rock,@Fall Out Boy1,13021534,Shum,You Could Be
Panic! At The Disco1,rave,@Panic! At The Disco1,47429805,White Rabbit,I Feel It Coming
I See Stars1,alternative rock,@I See Stars1,74951483,Weekend,Dreamin
Caskets1,heavy metal,@Caskets1,90159933,In The Shadows,Am I Wrong
Scorpions1,jazz,@Scorpions1,82387248,Let Them Know,Promises
System Of A Down1,classic rock,@System Of A Down1,66085922,Heavier,Woman
Zero Horizon1,latin music,@Zero Horizon1,55468201,To Better Days,By Your Side
All Time Low1,k-pop,@All Time Low1,37197852,Oh My Darling,Cure (reimagined)
Imagine Dragons1,metalcore,@Imagine Dragons1,1386050,Before I Cave In,I Hate Everything About You
Annisokay1,alternative rock,@Annisokay1,40118221,Excuses,Another love
A Day To Remember1,r&b,@A Day To Remember1,65430268,Hands Up,You for Me
Rise Against1,gospel music,@Rise Against1,32515167,Sweater weather,Witch
I Prevail1,rap,@I Prevail1,15931101,OMG,Love The Way You Lie (feat. Rihanna)
Falling In Reverse1,pop rock,@Falling In Reverse1,79933819,Cursed,Surviving The Game
My Chemical Romance1,glam rock,@My Chemical Romance1,18649491,Love Tonight,Fine Line
Crown The Empire1,folk,@Crown The Empire1,33456606,Weekend,Oh My Darling
Bad Omens1,raggae,@Bad Omens1,68179707,Alejandro,Obsessed With You
Royal Blood1,classic rock,@Royal Blood1,73001414,Deep End,Experience
Wildways1,r&b,@Wildways1,60342856,Fine Line,Someone You Loved
Slaves1,classical music,@Slaves1,97871832,Alone,Mamacita
FEVER331,metalcore,@FEVER331,32648128,Psycho,Ghost Like You
Нервы1,classic rock,@Нервы1,40122824,Visiting Hours,The Only One I Know
Валерий Меладзе1,gospel music,@Валерий Меладзе1,11347182,Stay,Chosen
Lana Del Ray1,heavy metal,@Lana Del Ray1,99618411,With You,La di die
Linkin Park1,pop,@Linkin Park1,95706132,Turn Down For What,Take Me Away
Arash1,rock,@Arash1,31737538,Cake By The Ocean,Hall of Fame
Enrique Iglesias1,trap,@Enrique Iglesias1,3561288,Cake By The Ocean,Marea (We’ve Lost Dancing)
Sting1,indie pop,@Sting1,64395570,Love Or Lust,Excuses
Inna1,gospel music,@Inna1,5170856,Fuck That,Salt
Rihanna1,k-pop,@Rihanna1,64199657,Touch OFF,Promises
Scooter1,alternative rock,@Scooter1,64291592,Bleed It Out,Cover Me In Sunshine
Stray Kids1,punk rock,@Stray Kids1,16799337,Violent Pornography,24/5
Måneskin1,folk,@Måneskin1,78885407,Smells Like Teen Spirit,Therefore I Am
Slipknot1,punk rock,@Slipknot1,3463263,Surviving The Game,4 To The Floor
50 Cent1,raggae,@50 Cent1,14983249,Can't Feel My Face,rockstar
Celine Dion1,trap,@Celine Dion1,3463920,Ca Plane Pour Moi,Conga
Minelli1,metalcore,@Minelli1,35795167,Fire In The Sky,Wrecked
Evanescence1,pop rock,@Evanescence1,41751104,Fall Down,Fuck That
The Weeknd1,classical music,@The Weeknd1,97988369,I WANT YOU BACK,Animals
The Offspring1,disco,@The Offspring1,80434262,Meet Me At Our Spot,Gangsta's paradise
Nirvana1,indie pop,@Nirvana1,97722921,Just for me,Run Run
Akcent1,pop rap,@Akcent1,231375,Freed From Desire,Morrow
Lara Fabian1,pop rock,@Lara Fabian1,91150730,RED,Break My Heart
K-Maro1,glam rock,@K-Maro1,99592897,Somebody That I Used To Know,Prayers
The Rasmus1,raggae,@The Rasmus1,1197161,Woman,Should I Stay Or Should I Go
Disturbed1,pop rock,@Disturbed1,76882481,Dance Monkey,I Want It All
Ava Max1,glam rock,@Ava Max1,61091972,I GUESS I'M IN LOVE,Gangsta's paradise
Pink1,classical music,@Pink1,69417332,I Love You I Hate You,One Night
Lil Nas X1,alternative rock,@Lil Nas X1,71407596,Dirty Hands (Gone Mad),Losing My Mind
Lady Gaga1,classical music,@Lady Gaga1,81611659,Habits,Over and Over
Nickelback1,metalcore,@Nickelback1,50010016,Gyalis,Power
ATB1,gospel music,@ATB1,19993596,Losing My Mind,Million To One
David Guetta1,rap rock,@David Guetta1,90516637,Wrecked,No Friends In The Industry
Rammstein1,r&b,@Rammstein1,92242703,Believe Me,traitor
Alizee1,classical music,@Alizee1,15500526,Promises,Love On The Brain
Pitbull1,hip hop,@Pitbull1,29882434,Better Days,Throne
Twenty One Pilots1,glam rock,@Twenty One Pilots1,4779016,Gangsta's paradise,Falling Apart
Bryan Adams1,jazz,@Bryan Adams1,55215525,Love Tonight,Better Days
Selena Gomez1,pop,@Selena Gomez1,11826040,You and I,Gone Forever
Doja Cat1,rap rock,@Doja Cat1,22274971,Wasting My Youth,Atlas Falls
Whitney Houston1,electro music,@Whitney Houston1,79478201,Take me to church,Story of My Life
Dj Aligator1,hip hop,@Dj Aligator1,71158382,Runaway Baby,Cover Me In Sunshine
Sade1,jazz,@Sade1,76420728,On My Own,Thank God I'm A Country Boy
Three Days Grace1,raggae,@Three Days Grace1,953858,Stay,Lying In The Sunshine
Ghostemane1,pop rock,@Ghostemane1,18424258,I WANT YOU BACK,Diablo
Ed Sheeran1,metal,@Ed Sheeran1,7048960,Believe Me,Oh My Darling
Justin Timberlake1,latin music,@Justin Timberlake1,28149496,Jalebi Baby,Happy
Ariana Grande1,gospel music,@Ariana Grande1,16947779,Lying In The Sunshine,Bury a Lie
Oliver Tree1,hard rock,@Oliver Tree1,85656195,Seven Wonders,traitor
Akon1,r&b,@Akon1,27602072,Sad Song,Weekend
Moby1,gospel music,@Moby1,41252336,Sleep,City Of Stars
Iron Maiden1,pop rock,@Iron Maiden1,24878266,La di die,Runaway Baby
Ozzy Osbourne1,rap rock,@Ozzy Osbourne1,87764160,Frozen,Rumors
LP1,classical music,@LP1,12922001,Friday I’m In Love,Youth
Mustafa Sandal1,pop rock,@Mustafa Sandal1,5903766,Shut Up and Dance,Animals
DMX1,rave,@DMX1,91464476,Walking The Wire,Borrowed Time
Bon Jovi1,indie pop,@Bon Jovi1,42909299,Youth,Cut Me Loose
Powerwolf1,pop rap,@Powerwolf1,72128908,Just Like Fire,Falling
Manowar1,alternative rock,@Manowar1,5409648,Fake I.D,Remember
Armin van Buuren1,rap,@Armin van Buuren1,78812764,Eye Opener,On My Own
Red Hot Chili Peppers1,jazz,@Red Hot Chili Peppers1,62788238,Wasted,Animals
Guns N' Roses1,rave,@Guns N' Roses1,88041256,Risk It All,Eagle
Backstreet Boy1,disco,@Backstreet Boy1,80683432,Ca Plane Pour Moi,Tesla
Era1,electro music,@Era1,18785562,Another Brick In The Wall,Sunshine
Hurts1,latin music,@Hurts1,70907390,Love Tonight,One Step Closer
Snoop Dogg1,metal,@Snoop Dogg1,84147950,Break My Heart,A Little Party Never Killed Nobody (All We Got)
Plazma1,country,@Plazma1,38947477,She Knows,Now I Know
Limp Bizkit1,trap,@Limp Bizkit1,88717826,Levitating,Heat Waves
XXXTentacion1,latin music,@XXXTentacion1,19328467,A Little Party Never Killed Nobody (All We Got),Can't Feel My Face
Lian Ross1,k-pop,@Lian Ross1,6301245,What I've Done,Love Tonight
Crazy Frog1,hard rock,@Crazy Frog1,28317962,Am I Wrong,Conga
Maroon 51,glam rock,@Maroon 51,36283772,I Want It All,I Want It All
Jennifer Lopez1,alternative rock,@Jennifer Lopez1,16695247,Story of My Life,Dark Red
Benny Benassi1,r&b,@Benny Benassi1,93826662,Head And Heart,Kingston Town
Justin Bieber1,jazz,@Justin Bieber1,46058072,Freaks,Everything Fades
Avril Lavigne1,jazz,@Avril Lavigne1,70492668,Zombie,DIvision Symbols
Myriam Fares1,pop,@Myriam Fares1,9941114,Wasting My Youth,Jail
Imany1,rap,@Imany1,78506452,Lost (reimagined),Strange Effect
Nightwish1,indie pop,@Nightwish1,92450122,Stupid Feelings,Blinding Lights
Korn1,pop,@Korn1,88724189,All I Know So Far,Us
Nancy Ajram1,k-pop,@Nancy Ajram1,12123131,Story of My Life,Reason Living
Katy Perry1,hip hop,@Katy Perry1,56116160,Gone Forever,Bloodstream
Haddaway1,rave,@Haddaway1,56929620,Summertime Sadness,Clean Again
George Michael1,metal,@George Michael1,84359806,I Still Have Faith In You,Leck
Ice Mc1,rap rock,@Ice Mc1,19890925,The Fear,Diablo
Evan Band1,jazz,@Evan Band1,88846054,Beautiful Madness,Take You Dancing
Bruno Mars1,funk,@Bruno Mars1,30261977,Call 911,What I've Done
Space1,classical music,@Space1,91580472,Rumors,Sympathy For The Devil
Hollywood Undead1,punk rock,@Hollywood Undead1,57294113,Like a Shadow,Wasted Love
Dava1,raggae,@Dava1,97644389,Rampampam,OUT OUT
Halsey1,raggae,@Halsey1,86587089,Wrecked,Fuck That
Lil Peep1,folk,@Lil Peep1,7129566,Animal I Have Become,Angels Lullaby
Travis Scott1,funk,@Travis Scott1,99529140,Talk to a Friend,Take Me Away
Xcho1,punk rock,@Xcho1,37290222,Sex Machine,In The End
Black Eyed Peas1,metalcore,@Black Eyed Peas1,93461063,Space Melody,White Lies
System of a Down1,disco,@System of a Down1,88136640,Diablo,Toxicity
Escape1,jazz,@Escape1,40917474,Should I Stay Or Should I Go,Toxicity
Jason Derulo1,trap,@Jason Derulo1,40574194,Moustache,Bring Me To Life
Nataliya1,metal,@Nataliya1,11345778,FLY HIGH!!!,I Wanna Be Your Slave
ZZ Top1,electro music,@ZZ Top1,50881699,Woman,Kissing Strangers
Rafet El Roman1,gospel music,@Rafet El Roman1,72663735,Ca Plane Pour Moi,Tell Me Something Good (Mixed)
Enya1,hip hop,@Enya1,56277413,Industry Baby,A Million On My Soul
Nelly Furtado1,jazz,@Nelly Furtado1,14421618,Call 911,Clean Again
Marilyn Manson1,rock,@Marilyn Manson1,33650403,Water fountain,My Heart Goes (La Di Da)
H.I.M1,alternative rock,@H.I.M1,57536222,Goosebumps,Clearly
Calvin Harris1,classic rock,@Calvin Harris1,28522559,traitor,Fuck That
Anastacia1,funk,@Anastacia1,50855983,Rolling In The Deep,Love All
Turbotronic1,classical music,@Turbotronic1,57984016,Save Your Tears,The Secret He Had Missed
Judas Priest1,hip hop,@Judas Priest1,45442833,Papercut,Endless Love
A-ha1,metal,@A-ha1,46319945,La Grenade,Don't Speak
Morgernshtern1,rap,@Morgernshtern1,70832732,Sunshine,One Step Closer
EVE1,alternative rock,@EVE1,58798004,Let's Love,Obsessed With You
Lisa1,folk,@Lisa1,15418799,Fuel To Fire,Crawling
Asking Alexandria1,hard rock,@Asking Alexandria1,36227574,Experience,If You Ever Leave I'm Coming with You
Hands Like Houses1,rap rock,@Hands Like Houses1,66360286,Slepptalk,I Miss the Misery
Netta1,gospel music,@Netta1,45773342,Need To Know,Don't Break the Heart
Little Big1,classic rock,@Little Big1,30848615,Somewhere I Belong,Leck
She Wants Revenge1,rock,@She Wants Revenge1,67900130,Harleys In Hawaii,White Lies
Dayseeker1,r&b,@Dayseeker1,7472125,Bloodstream,Someone
Too Close To Touch1,latin music,@Too Close To Touch1,50897665,I Want It All,I Only Have Eyes For You
Nerv1,classic rock,@Nerv1,38724020,Girl Like Me,Don't Stop The Music
Glass Tides1,folk,@Glass Tides1,1728627,Love All,Painkiller
Picturesque1,pop,@Picturesque1,39483274,Just for me,Over and Over
The World Alive1,alternative rock,@The World Alive1,79261858,VIVID VICE,Don't Shut Me Down
Thosand Below1,hip hop,@Thosand Below1,9836198,Found,Sympathy For The Devil
UVERworld1,electro music,@UVERworld1,13792115,Fire In The Sky,Alone (Alternative Mix)
BURNOUT SYNDROMES1,alternative rock,@BURNOUT SYNDROMES1,33200212,Get Lucky,Rollin'
Elvis Presley2,rap rock,@Elvis Presley2,48899893,We Are Little Big,A Million On My Soul
Elton John2,pop rock,@Elton John2,7660277,Why Do You Lie To Me,I Miss the Misery
Bob Dylan2,pop rap,@Bob Dylan2,53151727,Summer Of Love,Out Out
The Beatles2,gospel music,@The Beatles2,83320562,Late At Night,Every Time You Turn Around
Eric Clapton2,heavy metal,@Eric Clapton2,63682640,My Life Is Going On,Heavier
Queen2,raggae,@Queen2,67889541,Meet Me At Our Spot,Hypnodancer
Rod Stewart2,funk,@Rod Stewart2,42545921,Fly Away,Never Going Home
Johnny Cash2,gospel music,@Johnny Cash2,37091533,Tesla,Alors On Danse
Van Morrison2,classic rock,@Van Morrison2,61278835,White Rabbit,Every Time You Turn Around
The Beach Boys2,trap,@The Beach Boys2,50629927,Ooh Wee,Hypnodancer
Prince2,k-pop,@Prince2,49354157,Get You Down,I Want It All
Bruce Springsteen2,disco,@Bruce Springsteen2,44909511,Moustache,Chalk Outline
The Rolling Stones2,hip hop,@The Rolling Stones2,40789940,Happy,Bloodstream
Perry Como2,classical music,@Perry Como2,71333734,Kokomo,Mona Lisa
AC/DC2,k-pop,@AC/DC2,74942504,Take My Breath,Love (Sweet Love)
George Strait2,alternative rock,@George Strait2,70940574,Cake By The Ocean,Lying In The Sunshine
David Bowie2,classical music,@David Bowie2,77526413,Bang Bang,Idfc
Aerosmith2,folk,@Aerosmith2,95889319,Call 911,Stronger
Sarah Brightman2,rap,@Sarah Brightman2,57953573,One Step Closer,I Hate Everything About You
Reba McEntire2,funk,@Reba McEntire2,13164970,Hypnodancer,Your Love (9Pm)
Michael Jackson2,disco,@Michael Jackson2,31447387,Hear My Voice,What About Us
Eminem2,rap rock,@Eminem2,71157765,Kaikai Kitan,Woo Baby
James Taylor2,punk rock,@James Taylor2,16487046,Love (Sweet Love),Shum
Madonna2,trap,@Madonna2,24531061,Your Love (9Pm),Atlas Falls
The Clash2,pop rap,@The Clash2,25191982,Fine Line,Smells Like Teen Spirit
Kris Kristofferson2,rock,@Kris Kristofferson2,56839893,Faint,Wid It
Alice Cooper2,electro music,@Alice Cooper2,73507115,Oh My Darling,Borrowed Time
Kiss2,pop,@Kiss2,3288521,Freed From Desire,Love (Sweet Love)
Neil Young2,indie pop,@Neil Young2,98403197,Jail,Call Out My Name
Starset2,rap,@Starset2,84879840,Holding Me Down,I Only Have Eyes For You
Dua Lipa2,country,@Dua Lipa2,50115638,Save Your Tears,Hometown Glory
Normandie2,rap,@Normandie2,36659995,I Only Have Eyes For You,Astronaut In The Ocean
Linked Horizon2,electro music,@Linked Horizon2,43043881,Love Tonight,About You Now
Muse2,gospel music,@Muse2,6421954,I Love You I Hate You,Fall Down
Coldplay2,heavy metal,@Coldplay2,31432913,Sympathy,Eagle
Paramore2,classic rock,@Paramore2,4599500,I'm Gonna Be (500 Miles),Summer Of Love
Bring Me The Horizon2,hip hop,@Bring Me The Horizon2,78103591,Bleed It Out,Can't Come To The Phone
Cardi B2,heavy metal,@Cardi B2,63113180,You for Me,In Your Eyes
Oasis2,folk,@Oasis2,53688022,On My Own,Love Tonight
Black Sabbath2,hip hop,@Black Sabbath2,53988817,Head And Heart,Surviving The Game
Blur2,electro music,@Blur2,10869532,Goosebumps,On My Own
Arctic Monkeys2,pop,@Arctic Monkeys2,98460218,Hello,Cover Me In Sunshine
The Smiths2,electro music,@The Smiths2,68298745,Diablo,Eye Opener
The Cure2,hard rock,@The Cure2,18803064,Believer,Let's Love
Depeche Mode2,alternative rock,@Depeche Mode2,9175849,If You Ever Leave I'm Coming with You,Good 4 U
Placebo2,gospel music,@Placebo2,32418739,I Love You I Hate You,Born To Be Yours
One Direction2,folk,@One Direction2,75281808,A Little Party Never Killed Nobody (All We Got),Deep End
Harry Styles2,rap rock,@Harry Styles2,44408242,Boyz N Da Club,Call Out My Name
Machine Gun Kelly2,glam rock,@Machine Gun Kelly2,41199509,Carnival of Rust,Head And Heart
The Prodigy2,hard rock,@The Prodigy2,38358683,Won't Get Fooled Again,Talk About
BTS2,k-pop,@BTS2,68175071,Ghost Like You,Happier
Blackpink2,electro music,@Blackpink2,64259655,Rolling In The Deep,Wasting My Youth
Deep Purple2,rock,@Deep Purple2,54147723,Fountains,Kaikai Kitan
Gorillaz2,jazz,@Gorillaz2,93838168,Shape Of My Heart,Animal I Have Become
Christina Aguilera2,heavy metal,@Christina Aguilera2,96349827,With You,Should I Stay Or Should I Go
Britney Spears2,gospel music,@Britney Spears2,44933665,Wasted Love,Hall of Fame
Editors2,heavy metal,@Editors2,5806963,By Your Side,I Want It All
Our Last Night2,rock,@Our Last Night2,47039882,Just Like Fire,Hometown Glory
Sex Pistols2,punk rock,@Sex Pistols2,66359514,Papercut,Rolling In The Deep
The Killers2,folk,@The Killers2,42542209,Blinding Lights,Paradise
Florence + the Machine2,k-pop,@Florence + the Machine2,9077301,Love Tonight,Salt
Amy Winehouse2,funk,@Amy Winehouse2,57703354,Fire In The Sky,Choose Me
Sia2,gospel music,@Sia2,38984956,By Myself,Wannabe
P!nk2,gospel music,@P!nk2,64278407,Can't Feel My Face,Aerials
Genesis2,jazz,@Genesis2,32169777,Blinding Lights,BURN IT DOWN
Beyonce2,pop rap,@Beyonce2,94349177,Bad Romance,Violent Pornography
Kelly Clarkson2,raggae,@Kelly Clarkson2,86525231,I Wanna Be Your Slave,Desert Rose
Enter Shikari2,indie pop,@Enter Shikari2,91898417,Get You Down,Roses
Black Veil Brides2,pop rock,@Black Veil Brides2,68750456,By Myself,If It's Love
Skillet2,punk rock,@Skillet2,96105392,Everything Fades,Get You Down
The Neighbourhood2,funk,@The Neighbourhood2,66381599,Montero (Call Me By Your Name),Heavier
Shakira2,pop,@Shakira2,61066694,Risk It All,Cut Me Loose
Fall Out Boy2,gospel music,@Fall Out Boy2,16921476,Creep,Shut Up and Dance
Panic! At The Disco2,hard rock,@Panic! At The Disco2,86354964,Idfc,Slepptalk
I See Stars2,pop,@I See Stars2,53828710,Imagine,Slepptalk
Caskets2,gospel music,@Caskets2,6322842,Unstoppable,Lights Down
Scorpions2,latin music,@Scorpions2,82886847,Experience,Wid It
System Of A Down2,hard rock,@System Of A Down2,69578061,Hands Up,Save Your Tears
Zero Horizon2,metal,@Zero Horizon2,67011103,You for Me,Time of Dying
All Time Low2,rap rock,@All Time Low2,5169957,Someone,Montero (Call Me By Your Name)
Imagine Dragons2,gospel music,@Imagine Dragons2,51561557,Time of Dying,Father And Son
Annisokay2,gospel music,@Annisokay2,40743882,Pain,Play That Funky Music
A Day To Remember2,glam rock,@A Day To Remember2,27995298,Space Melody,Clearly
Rise Against2,heavy metal,@Rise Against2,5710406,Industry Baby,Let's Groove
I Prevail2,punk rock,@I Prevail2,93585189,Beggin,Animals
Falling In Reverse2,gospel music,@Falling In Reverse2,80733835,I Only Have Eyes For You,Clearly
My Chemical Romance2,electro music,@My Chemical Romance2,45778028,She's Wild,La Grenade
Crown The Empire2,pop rock,@Crown The Empire2,11510564,Paradise,Strange Effect
Bad Omens2,pop rap,@Bad Omens2,52292241,Zombie,Gyalis
Royal Blood2,r&b,@Royal Blood2,59686291,Seventh Heaven,Aerials
Wildways2,hard rock,@Wildways2,3002123,Animal I Have Become,Deep End
Slaves2,glam rock,@Slaves2,88337059,I GUESS I'M IN LOVE,Faint
FEVER332,trap,@FEVER332,14113578,Kings and Queens,Promises
Нервы2,glam rock,@Нервы2,55745372,Sugar,Friday I’m In Love
Валерий Меладзе2,classical music,@Валерий Меладзе2,43789162,Diego,Hypnodancer
Lana Del Ray2,disco,@Lana Del Ray2,54312559,Head And Heart,Born To Be Yours
Linkin Park2,disco,@Linkin Park2,74634238,Alone,Bad Romance
Arash2,k-pop,@Arash2,71938161,Sad Song,Lovely
Enrique Iglesias2,metal,@Enrique Iglesias2,99771060,Lovely,I Love You I Hate You
Sting2,hip hop,@Sting2,64392017,Am I Wrong,Alors On Danse
Inna2,disco,@Inna2,71667233,Fireworks,Somewhere Only We Know
Rihanna2,pop rap,@Rihanna2,8940302,I'm a Pop,DIvision Symbols
Scooter2,alternative rock,@Scooter2,11367362,By Your Side,Badala Zamana
Stray Kids2,rock,@Stray Kids2,8270917,Way 2 Sexy,Fire In The Sky
Måneskin2,indie pop,@Måneskin2,61796316,Won't Get Fooled Again,Therefore I Am
Slipknot2,metal,@Slipknot2,38991940,Footprints,Summer 91 (Looking Back)
50 Cent2,latin music,@50 Cent2,63110703,I Want It All,Friday I’m In Love
Celine Dion2,r&b,@Celine Dion2,70515787,The Fear,I Love You Always Forever
Minelli2,rave,@Minelli2,96648678,Painkiller,Before I Cave In
Evanescence2,indie pop,@Evanescence2,14020187,White Rabbit,Ghost Like You
The Weeknd2,alternative rock,@The Weeknd2,91951470,Yesterday,Gangsta's paradise
The Offspring2,k-pop,@The Offspring2,94400241,BURN IT DOWN,Dynamite
Nirvana2,pop,@Nirvana2,18580493,found & lost,Kaikai Kitan
Akcent2,gospel music,@Akcent2,1238219,Heartbreak Anthem,Fair Trade
Lara Fabian2,folk,@Lara Fabian2,3655646,Morrow,Idfc
K-Maro2,punk rock,@K-Maro2,23559008,I Love You Always Forever,Summertime Sadness
The Rasmus2,rock,@The Rasmus2,34687050,Wrecked,Seventh Heaven
Disturbed2,glam rock,@Disturbed2,82649889,SOS,Back In The U.S.S.R.
Ava Max2,raggae,@Ava Max2,44288170,Another love,Devil town
Pink2,rock,@Pink2,79445960,Break My Heart,Obsessed With You
Lil Nas X2,hard rock,@Lil Nas X2,25766613,Girl Like Me,Montero (Call Me By Your Name)
Lady Gaga2,punk rock,@Lady Gaga2,48802761,Take You Dancing,Cover Me In Sunshine
Nickelback2,latin music,@Nickelback2,8929642,Kingston Town,VIVID VICE
ATB2,jazz,@ATB2,17298621,To Better Days,OUT OUT
David Guetta2,k-pop,@David Guetta2,1352575,Before I Cave In,Give It Away
Rammstein2,punk rock,@Rammstein2,23199005,Habits,Shoot To Thrill
Alizee2,pop rock,@Alizee2,33420298,Redemption,Surviving The Game
Pitbull2,pop rock,@Pitbull2,66923155,Say It Right,I Want You
Twenty One Pilots2,electro music,@Twenty One Pilots2,23665039,Sleep,Believer
Bryan Adams2,r&b,@Bryan Adams2,14949846,Diego,Kissing Strangers
Selena Gomez2,glam rock,@Selena Gomez2,85362981,Habits,Kingston Town
Doja Cat2,country,@Doja Cat2,73750777,Ooh Wee,No Stress
Whitney Houston2,hard rock,@Whitney Houston2,36000423,Wid It,Ways To Disappear
Dj Aligator2,pop rap,@Dj Aligator2,4193509,Happier,In Da Getto
Sade2,r&b,@Sade2,76187169,Lovely,Runaway With It
Three Days Grace2,heavy metal,@Three Days Grace2,71170335,Rampampam,Cure (reimagined)
Ghostemane2,k-pop,@Ghostemane2,45184961,Visiting Hours,I Want It All
Ed Sheeran2,disco,@Ed Sheeran2,40944606,Hypnodancer,Secrets
Justin Timberlake2,electro music,@Justin Timberlake2,38798860,I Want It All,She's Wild
Ariana Grande2,metalcore,@Ariana Grande2,88360826,Can't Stop,Talk to a Friend
Oliver Tree2,funk,@Oliver Tree2,62656291,Hall of Fame,Get Lucky
Akon2,pop rock,@Akon2,28406324,Children,Beggin
Moby2,pop rock,@Moby2,33797220,Give It Away,Toxicity
Iron Maiden2,raggae,@Iron Maiden2,40578132,Alone (Alternative Mix),Summertime Shootout
Ozzy Osbourne2,jazz,@Ozzy Osbourne2,46875363,Animal I Have Become,Fireworks
LP2,electro music,@LP2,97056588,Rolling In The Deep,Leave Before You Love Me
Mustafa Sandal2,glam rock,@Mustafa Sandal2,95083649,Stay,Indestructible
DMX2,pop rock,@DMX2,50032451,Clearly,Whenever Wherever
Bon Jovi2,latin music,@Bon Jovi2,87278707,TRASH CANDY,Cold Heart
Powerwolf2,classical music,@Powerwolf2,59813016,Chop Suey!,My Heart Goes (La Di Da)
Manowar2,alternative rock,@Manowar2,55280851,In The Shadows,Choose Me
Armin van Buuren2,pop,@Armin van Buuren2,79177548,Am I Wrong,Always On My Mind
Red Hot Chili Peppers2,punk rock,@Red Hot Chili Peppers2,32684489,Human,Kokomo
Guns N' Roses2,rap,@Guns N' Roses2,34749375,Heat Waves,Youth
Backstreet Boy2,punk rock,@Backstreet Boy2,28061252,Slepptalk,Understand Your Man
Era2,pop rock,@Era2,55459899,Fantasy,Faint
Hurts2,k-pop,@Hurts2,8905087,Secrets,Wasted
Snoop Dogg2,metal,@Snoop Dogg2,92615240,Clearly,Shoot To Thrill
Plazma2,raggae,@Plazma2,36145789,Give It Away,Woman
Limp Bizkit2,punk rock,@Limp Bizkit2,96656704,Million To One,On My Own
XXXTentacion2,jazz,@XXXTentacion2,65672643,I Miss the Misery,Midnight City
Lian Ross2,latin music,@Lian Ross2,53632777,Faint,Dance Monkey
Crazy Frog2,punk rock,@Crazy Frog2,17574770,Don't Speak,Who's They
Maroon 52,gospel music,@Maroon 52,22254153,By Your Side,Everything Fades
Jennifer Lopez2,k-pop,@Jennifer Lopez2,12429977,Once In A While,Kings and Queens
Benny Benassi2,latin music,@Benny Benassi2,40631931,Clean Again,The Magic Key
Justin Bieber2,raggae,@Justin Bieber2,3988536,Idfc,Essence
Avril Lavigne2,trap,@Avril Lavigne2,28301449,Kiss My (Uh Oh),She's Wild
Myriam Fares2,hard rock,@Myriam Fares2,43599161,Believer,Save Your Tears
Imany2,pop,@Imany2,61513193,Petite,Jalebi Baby
Nightwish2,folk,@Nightwish2,8724620,24/5,Believer
Korn2,pop,@Korn2,33371259,One Step Closer,Animal I Have Become
Nancy Ajram2,hip hop,@Nancy Ajram2,84701633,I Hate Everything About You,Breathe
Katy Perry2,heavy metal,@Katy Perry2,3362882,Summer Of Love,Ghost Like You
Haddaway2,metalcore,@Haddaway2,29557984,Bad Habits,Rumors
George Michael2,heavy metal,@George Michael2,1444203,Get Lucky,Touch OFF
Ice Mc2,heavy metal,@Ice Mc2,36149645,We Can Come Together,Forgotten
Evan Band2,heavy metal,@Evan Band2,72069319,Say It Right,Ily
Bruno Mars2,hip hop,@Bruno Mars2,19201511,Thank God I'm A Country Boy,Wasted Love
Space2,rap rock,@Space2,42042791,Alors On Danse,Power
Dava2,funk,@Dava2,36813885,Bang Bang,BED
Halsey2,pop rap,@Halsey2,48691471,Say It Right,You and I
Lil Peep2,raggae,@Lil Peep2,36796089,Dusk Till Dawn,Diablo
Travis Scott2,latin music,@Travis Scott2,46309577,Friday I’m In Love,Sweet Dreams
Xcho2,latin music,@Xcho2,58873977,Now I Know,Runaway With It
Black Eyed Peas2,raggae,@Black Eyed Peas2,22106347,Choose Me,BED
System of a Down2,funk,@System of a Down2,68081201,When My Blue Moon Turns To Gold Again,Born To Be Yours
Escape2,punk rock,@Escape2,35044216,I Love You I Hate You,Experience
Jason Derulo2,pop,@Jason Derulo2,20244614,Loving Is Easy,The Fear
Nataliya2,k-pop,@Nataliya2,59340198,Don't shut me down,Follow You
ZZ Top2,gospel music,@ZZ Top2,77466923,You Don't Fool Me,Come Together
Rafet El Roman2,country,@Rafet El Roman2,60246439,Power,Don't Be Shy
Enya2,latin music,@Enya2,2995304,Body Moves,Fuck That
Nelly Furtado2,hard rock,@Nelly Furtado2,817454,Mona Lisa,Rampampam
Marilyn Manson2,latin music,@Marilyn Manson2,3251650,We Are Little Big,The Windmills Of Your Mind
H.I.M2,metalcore,@H.I.M2,93251556,Once In A While,Paradise
Calvin Harris2,folk,@Calvin Harris2,54643761,Take My Breath,Us
Anastacia2,folk,@Anastacia2,63656230,Fall Down,Don't be so shy
Turbotronic2,rave,@Turbotronic2,39622390,Out Out,To Better Days
Judas Priest2,r&b,@Judas Priest2,32162261,4 To The Floor,Late At Night
A-ha2,electro music,@A-ha2,74342358,Jealousy jealousy,Now I Know
Morgernshtern2,jazz,@Morgernshtern2,56028613,Woman,Heartbreak Anthem
EVE2,k-pop,@EVE2,79389859,Diego,Let Them Know
Lisa2,classical music,@Lisa2,25919590,Good Girls,RED
Asking Alexandria2,heavy metal,@Asking Alexandria2,90779898,Fireworks,No Twerk
Hands Like Houses2,metalcore,@Hands Like Houses2,60060840,Lovefool,The Fear
Netta2,funk,@Netta2,34576490,Numb,DJ Got Us Fallin' In Love
Little Big2,funk,@Little Big2,37966819,My Head and My Heart,All Good Things
She Wants Revenge2,rap,@She Wants Revenge2,31189301,Dreamin,Don't Stop The Music
Dayseeker2,classical music,@Dayseeker2,57883942,Essence,Borrowed Time
Too Close To Touch2,rave,@Too Close To Touch2,6165091,Oops,Butter
Nerv2,indie pop,@Nerv2,20020736,Imagine,What I've Done
Glass Tides2,trap,@Glass Tides2,64589218,Toxicity,Frozen
Picturesque2,r&b,@Picturesque2,71049524,Secrets,Don't Be Shy
The World Alive2,glam rock,@The World Alive2,79062504,Therefore I Am,Hurricane
Thosand Below2,alternative rock,@Thosand Below2,60504623,Summertime Sadness,Cover Me In Sunshine
UVERworld2,hip hop,@UVERworld2,67217594,Experience,Jealousy jealousy
BURNOUT SYNDROMES2,hard rock,@BURNOUT SYNDROMES2,38338989,Cold Heart,Falling Apart
Elvis Presley3,k-pop,@Elvis Presley3,89470460,Who's They,Alejandro
Elton John3,glam rock,@Elton John3,30256329,Don't Speak,Promises
Bob Dylan3,metal,@Bob Dylan3,51510622,Hurricane,Let Them Know
The Beatles3,classical music,@The Beatles3,82861816,Human,My Happy Ending
Eric Clapton3,raggae,@Eric Clapton3,12215968,My Head and My Heart,Kings and Queens
Queen3,pop rock,@Queen3,54323740,To Better Days,Forgotten
Rod Stewart3,rock,@Rod Stewart3,39044764,La Grenade,Fly Away
Johnny Cash3,raggae,@Johnny Cash3,25940853,Dancing Queen,City Of Stars
Van Morrison3,latin music,@Van Morrison3,100930,I WANT YOU BACK,Say It Right
The Beach Boys3,pop rock,@The Beach Boys3,45538954,Power,All I Know So Far
Prince3,rap rock,@Prince3,5346186,Bleed It Out,Save Your Tears
Bruce Springsteen3,latin music,@Bruce Springsteen3,14121332,Midnight City,Don't Break the Heart
The Rolling Stones3,pop rap,@The Rolling Stones3,17110813,Summer 91 (Looking Back),Children
Perry Como3,jazz,@Perry Como3,11882274,Hands Up,Wid It
AC/DC3,indie pop,@AC/DC3,31131647,Take me to church,Fuel To Fire
George Strait3,raggae,@George Strait3,6344913,Cut Me Loose,Sugar
David Bowie3,pop rock,@David Bowie3,64528941,Woman,Montero (Call Me By Your Name)
Aerosmith3,folk,@Aerosmith3,45392669,One Step Closer,Turn Down For What
Sarah Brightman3,rave,@Sarah Brightman3,6097192,Touch OFF,Just for me
Reba McEntire3,funk,@Reba McEntire3,64144621,Fall Down,Us
Michael Jackson3,rock,@Michael Jackson3,2582737,By Myself,Astronaut In The Ocean
Eminem3,latin music,@Eminem3,87646511,Youth,I Want It All
James Taylor3,indie pop,@James Taylor3,24012630,Everybody,Kokomo
Madonna3,metal,@Madonna3,89622046,Hometown Glory,Idfc
The Clash3,pop rock,@The Clash3,40862404,Late At Night,All Star
Kris Kristofferson3,r&b,@Kris Kristofferson3,93198260,Dancing On Dangerous,Young Folks
Alice Cooper3,pop rock,@Alice Cooper3,32560182,White Rabbit,No Love (feat. Lil Wayne)
Kiss3,classical music,@Kiss3,27557689,Ben,Sweater weather
Neil Young3,hip hop,@Neil Young3,84456067,Devil town,Tesla
Starset3,jazz,@Starset3,3245411,Back In The U.S.S.R.,Chemical
Dua Lipa3,r&b,@Dua Lipa3,85779960,Creep,Water fountain
Normandie3,rock,@Normandie3,36154405,With You,Manana
Linked Horizon3,pop rap,@Linked Horizon3,26000498,Father And Son,RED
Muse3,pop rap,@Muse3,61390860,Bloodstream,Shut Up and Dance
Coldplay3,jazz,@Coldplay3,25947060,Leather And Lace,Petite
Paramore3,metal,@Paramore3,48280668,Be Free,Turn Down For What
Bring Me The Horizon3,raggae,@Bring Me The Horizon3,52784635,What About Us,Witch
Cardi B3,hip hop,@Cardi B3,10078057,Freed From Desire,Bad Romance
Oasis3,punk rock,@Oasis3,27591325,Flashbacks,Hall of Fame
Black Sabbath3,r&b,@Black Sabbath3,19841637,Seven Wonders,Don't Stop The Music
Blur3,hip hop,@Blur3,83991576,Don't Break the Heart,Money Money Money
Arctic Monkeys3,k-pop,@Arctic Monkeys3,54511727,Boyz N Da Club,Head & Heart
The Smiths3,glam rock,@The Smiths3,75827550,Don't Be Shy,All I Know So Far
The Cure3,pop rap,@The Cure3,96211129,Love The Way You Lie (feat. Rihanna),Everybody
Depeche Mode3,folk,@Depeche Mode3,64619714,Say It Right,Roses
Placebo3,pop,@Placebo3,79268627,Someone,Alone (Alternative Mix)
One Direction3,rave,@One Direction3,62502580,Woman,La Grenade
Harry Styles3,folk,@Harry Styles3,19568873,Cover Me In Sunshine,Head And Heart
Machine Gun Kelly3,raggae,@Machine Gun Kelly3,19136409,Woo Baby,What About Us
The Prodigy3,funk,@The Prodigy3,22035517,Wasting My Youth,I GUESS I'M IN LOVE
BTS3,classic rock,@BTS3,64604436,Eagle,One Night
Blackpink3,disco,@Blackpink3,3580201,Diamonds,Love Me Tender
Deep Purple3,raggae,@Deep Purple3,10350268,Wasted Love,Bloodstream
Gorillaz3,trap,@Gorillaz3,65254232,Little Bit of Love,No Stress
Christina Aguilera3,pop,@Christina Aguilera3,65447993,Somewhere I Belong,Once In A While
Britney Spears3,pop rap,@Britney Spears3,19886131,Livin' In A World Without You,Where Is The Love?
Editors3,gospel music,@Editors3,11010542,Prayers,How Can I Make It OK?
Our Last Night3,trap,@Our Last Night3,38067937,Obsessed With You,You Don't Fool Me
Sex Pistols3,latin music,@Sex Pistols3,84048663,Head And Heart,Skate
The Killers3,hip hop,@The Killers3,51720133,First In Line,Sunshine
Florence + the Machine3,heavy metal,@Florence + the Machine3,65271949,Cover Me In Sunshine,Clearly
Amy Winehouse3,metal,@Amy Winehouse3,1577231,Holiday,Fountains
Sia3,funk,@Sia3,81256229,Just for me,Strange Effect
P!nk3,rave,@P!nk3,3391333,How Can I Make It OK?,Risk It All
Genesis3,glam rock,@Genesis3,88054226,Hall of Fame,Blinding Lights
Beyonce3,rap rock,@Beyonce3,80245177,Signs (reimagined),FLY HIGH!!!
Kelly Clarkson3,gospel music,@Kelly Clarkson3,557066,Billie (Loving Arms),INDUSTRY BABY
Enter Shikari3,k-pop,@Enter Shikari3,45952693,Love The Way You Lie (feat. Rihanna),The Only One I Know
Black Veil Brides3,r&b,@Black Veil Brides3,5780882,Why Do You Lie To Me,Experience
Skillet3,rap rock,@Skillet3,43268226,Sunshine,Conga
The Neighbourhood3,disco,@The Neighbourhood3,53652789,Beggin,Rollin'
Jennifer Lopez3,trap,@Jennifer Lopez3,68822834,Runaway,Rampampam
Shakira3,hip hop,@Shakira3,82831757,No Love (feat. Lil Wayne),First In Line
Fall Out Boy3,trap,@Fall Out Boy3,40817812,Leather And Lace,Angels Lullaby
Panic! At The Disco3,rap,@Panic! At The Disco3,61783698,White Rabbit,Wannabe
I See Stars3,metalcore,@I See Stars3,91413980,One Step Closer,Take Me Away
Caskets3,funk,@Caskets3,2025363,Girl Like Me,In Da Getto
Scorpions3,pop rap,@Scorpions3,28090970,Need To Know,Wrecking Ball
System Of A Down3,k-pop,@System Of A Down3,7656699,Astronaut In The Ocean,Morrow
Zero Horizon3,rock,@Zero Horizon3,49699490,Need You Now,Story of My Life
All Time Low3,metal,@All Time Low3,18386597,Stronger,Anchor
Imagine Dragons3,glam rock,@Imagine Dragons3,29552440,Levitating,Happier
Annisokay3,electro music,@Annisokay3,66718653,Dakiti,Falling Apart
Hollywood Undead3,rap rock,@Hollywood Undead3,40891722,Carnival of Rust,Witch Hunt
A Day To Remember3,pop,@A Day To Remember3,1830712,Cure (reimagined),Are You Lonesome Tonight?
Rise Against3,classic rock,@Rise Against3,71390496,Diablo,Redemption
I Prevail3,trap,@I Prevail3,46400084,LightHouse,Seven Wonders
Falling In Reverse3,classic rock,@Falling In Reverse3,60394971,Devil town,Smells Like Teen Spirit
My Chemical Romance3,hip hop,@My Chemical Romance3,12644678,Falling Apart,Before I Cave In
Crown The Empire3,pop rock,@Crown The Empire3,47831209,In Your Eyes,Human
Bad Omens3,r&b,@Bad Omens3,53204526,Super Trouper,Goosebumps
Royal Blood3,heavy metal,@Royal Blood3,58941649,Why Do You Lie To Me,Shut Up and Dance
Wildways3,alternative rock,@Wildways3,89774752,Dance Monkey,Dark Red
Slaves3,r&b,@Slaves3,76924468,She's Wild,Atlas Falls
FEVER333,indie pop,@FEVER333,48185107,Psycho,Psycho
Нервы3,indie pop,@Нервы3,9529551,AIN’T SO,Talk to a Friend
Валерий Меладзе3,pop rock,@Валерий Меладзе3,35595420,Lovely,Don't Go Yet
Lana Del Ray3,trap,@Lana Del Ray3,94670297,With You,Body Moves
Linkin Park3,classical music,@Linkin Park3,75335395,In Your Eyes,Every Time You Turn Around
Arash3,trap,@Arash3,53474435,Follow You,Everything
Enrique Iglesias3,classical music,@Enrique Iglesias3,1692020,Believer,Don't Go Yet
Sting3,pop rock,@Sting3,29012777,Clearly,Hear My Voice
Inna3,trap,@Inna3,65046758,Psycho,No Love (feat. Lil Wayne)
Rihanna3,raggae,@Rihanna3,73780730,Fire In The Sky,Save Your Tears
Scooter3,alternative rock,@Scooter3,34733662,Moustache,Papercut
Stray Kids3,pop rap,@Stray Kids3,54913545,Don't be so shy,Diego
Måneskin3,gospel music,@Måneskin3,89563259,Tesla,Talamanca
Slipknot3,funk,@Slipknot3,62675319,Get Lucky,Before I Cave In
50 Cent3,pop rap,@50 Cent3,62185460,You for Me,Fuck That
Celine Dion3,trap,@Celine Dion3,26900597,Bury a Lie,Firework
Minelli3,heavy metal,@Minelli3,27954374,Choose Me,Woo Baby
Evanescence3,rap rock,@Evanescence3,8197207,Experience,Kiss Me More
The Weeknd3,glam rock,@The Weeknd3,31937337,Hands Up,Understand Your Man
The Offspring3,hard rock,@The Offspring3,44593979,When My Blue Moon Turns To Gold Again,No Twerk
Nirvana3,indie pop,@Nirvana3,17997882,Ich hasse Kinder,City Of Stars
Akcent3,rock,@Akcent3,78294949,Ooh Wee,4 To The Floor
Lara Fabian3,k-pop,@Lara Fabian3,1760876,Break My Heart,She's Wild
K-Maro3,rap rock,@K-Maro3,14327553,better,How You Remind Me
The Rasmus3,pop rock,@The Rasmus3,77728696,Fantasy,TRASH CANDY
Disturbed3,jazz,@Disturbed3,4094182,Idfc,Bury a Lie
Ava Max3,latin music,@Ava Max3,20718466,Pump Up The Jam,Fire Fire
Pink3,rap,@Pink3,45492938,Everything,Sweet Dreams
Lil Nas X3,k-pop,@Lil Nas X3,31779118,Bad Habits,Throne
Lady Gaga3,pop rap,@Lady Gaga3,65290474,Habits,Mood Ring
Nickelback3,indie pop,@Nickelback3,66280919,Witch,Fireworks
ATB3,funk,@ATB3,58341288,No Stress,Summertime Shootout
David Guetta3,folk,@David Guetta3,13887687,What About Us,Roses
Rammstein3,rave,@Rammstein3,12210920,BED,My Head and My Heart
Alizee3,hip hop,@Alizee3,27106696,Happier,Turn Down For What
Pitbull3,funk,@Pitbull3,77673697,Seventeen Going Under,I GUESS I'M IN LOVE
Twenty One Pilots3,gospel music,@Twenty One Pilots3,81263795,By Myself,Harleys In Hawaii
Bryan Adams3,funk,@Bryan Adams3,48020975,I Gotta Be Me,Alejandro
Selena Gomez3,rap rock,@Selena Gomez3,49840181,Endless Love,In the End
Doja Cat3,trap,@Doja Cat3,50243089,Lost (reimagined),In Da Getto
Whitney Houston3,metalcore,@Whitney Houston3,78620663,I GUESS I'M IN LOVE,Whenever Wherever
Dj Aligator3,gospel music,@Dj Aligator3,40853779,Seven Wonders,I GUESS I'M IN LOVE
Sade3,pop rap,@Sade3,5199563,The Funeral,Understand Your Man
Three Days Grace3,disco,@Three Days Grace3,79364966,In Da Getto,Wasted
Ghostemane3,alternative rock,@Ghostemane3,31624171,Devil town,Angels Lullaby
Ed Sheeran3,k-pop,@Ed Sheeran3,82889649,Eagle,Hypnodancer
Justin Timberlake3,gospel music,@Justin Timberlake3,20535067,Woman,Get Lucky
Ariana Grande3,classical music,@Ariana Grande3,58593756,Lovely,OUT OUT
Oliver Tree3,k-pop,@Oliver Tree3,36282446,Talamanca,Someone You Loved
Akon3,k-pop,@Akon3,88535629,You Don't Know,Together
Moby3,metal,@Moby3,28864953,Cure (reimagined),Fantasy
Iron Maiden3,alternative rock,@Iron Maiden3,39992678,Don't Break the Heart,Fuck That
Ozzy Osbourne3,latin music,@Ozzy Osbourne3,77944366,Habits,How You Remind Me
LP3,pop rock,@LP3,44264062,Flashbacks,My Heart Goes (La Di Da)
Mustafa Sandal3,k-pop,@Mustafa Sandal3,94020632,Promises,Every Time You Turn Around
DMX3,disco,@DMX3,9602355,Fuck That,Seven Nation Army
Bon Jovi3,heavy metal,@Bon Jovi3,5941482,Super Trouper,We Can Come Together
Powerwolf3,hard rock,@Powerwolf3,28937157,Freed From Desire,All I Know So Far
Manowar3,pop rock,@Manowar3,32167291,Essence,Alors On Danse
Armin van Buuren3,alternative rock,@Armin van Buuren3,90641743,Sad Song,DIvision Symbols
Red Hot Chili Peppers3,gospel music,@Red Hot Chili Peppers3,26696488,I Want You,Dakiti
Guns N' Roses3,classical music,@Guns N' Roses3,14512872,2055,Frozen
Backstreet Boy3,gospel music,@Backstreet Boy3,91302311,Dark Red,I Don't Want You
Era3,trap,@Era3,9198836,Clearly,Devil town
Hurts3,rap rock,@Hurts3,92530245,Weekend,Turn Down For What
Snoop Dogg3,pop rap,@Snoop Dogg3,4331879,Morrow,Summertime Shootout
Plazma3,classical music,@Plazma3,24372897,Diamonds,ocean view
Limp Bizkit3,metal,@Limp Bizkit3,44275898,Shoot To Thrill,Who's They
XXXTentacion3,rap rock,@XXXTentacion3,56044848,Ways To Disappear,Falling Apart
Lian Ross3,heavy metal,@Lian Ross3,71870896,A Million On My Soul,Cut Me Loose
Crazy Frog3,raggae,@Crazy Frog3,82111263,Won't Get Fooled Again,A Little Party Never Killed Nobody (All We Got)
Maroon 53,rap rock,@Maroon 53,72788853,Stronger,Choose Me
Benny Benassi3,metalcore,@Benny Benassi3,4959944,Moustache,You for Me
Justin Bieber3,trap,@Justin Bieber3,5584356,Lost in Echoes,Rolling In The Deep
Avril Lavigne3,pop rap,@Avril Lavigne3,62570867,Somebody That I Used To Know,Marea (We’ve Lost Dancing)
Myriam Fares3,pop,@Myriam Fares3,89934928,How You Remind Me,Idfc
Imany3,country,@Imany3,74919433,Turn Down For What,Leck
Nightwish3,metal,@Nightwish3,29986404,I Love You Always Forever,Beggin
Korn3,electro music,@Korn3,39164217,Mamacita,Your Love (9Pm)
Nancy Ajram3,pop,@Nancy Ajram3,90626702,Leave Before You Love Me,Happy
Katy Perry3,hip hop,@Katy Perry3,71148599,Little Bit of Love,First In Line
Haddaway3,heavy metal,@Haddaway3,8761117,If You Ever Leave I'm Coming with You,Lost (reimagined)
George Michael3,pop rap,@George Michael3,80328248,Aerials,Found
Ice Mc3,metal,@Ice Mc3,9433646,What About Us,Why Do You Lie To Me
Evan Band3,punk rock,@Evan Band3,26796235,Petite,better
Bruno Mars3,rave,@Bruno Mars3,3630269,You and I,Afterglow
Space3,raggae,@Space3,72125738,Summer 91 (Looking Back),Sympathy
Dava3,metalcore,@Dava3,1994680,Ich hasse Kinder,Friday
Halsey3,alternative rock,@Halsey3,75443954,Bad Habits,Sweet Dreams
Lil Peep3,jazz,@Lil Peep3,98778964,Don't Stop The Music,Piano Banana
Travis Scott3,glam rock,@Travis Scott3,46248518,My Life Is Going On,Say It Right
Xcho3,k-pop,@Xcho3,96742409,Billie (Loving Arms),Take You Dancing
Black Eyed Peas3,rave,@Black Eyed Peas3,91426106,Lovely,Girls Want Girls
System of a Down3,funk,@System of a Down3,39462498,Unstoppable,Marea (We’ve Lost Dancing)
Escape3,rap rock,@Escape3,1804074,Rampampam,Remember
Jason Derulo3,hard rock,@Jason Derulo3,4802182,I Wanna Be Your Slave,Understand Your Man
Nataliya3,country,@Nataliya3,55766059,Angels Lullaby,Shut Up and Dance
ZZ Top3,classic rock,@ZZ Top3,46970677,Jail,Sad Song
Rafet El Roman3,punk rock,@Rafet El Roman3,55159493,Bleed It Out,Crawling
Enya3,electro music,@Enya3,17384214,The Windmills Of Your Mind,Hypnodancer
Nelly Furtado3,k-pop,@Nelly Furtado3,16084474,I'm Gonna Be (500 Miles),Gyalis
Marilyn Manson3,rave,@Marilyn Manson3,40104049,La Grenade,Faint
H.I.M3,classical music,@H.I.M3,34010770,LightHouse,Give It Away
Calvin Harris3,rave,@Calvin Harris3,3507554,Anchor,Collard Greens
Anastacia3,r&b,@Anastacia3,70642128,Don't Be Shy,Happy
Turbotronic3,metalcore,@Turbotronic3,28109649,Somewhere Only We Know,Build a Bitch
Judas Priest3,r&b,@Judas Priest3,40646735,Excuses,When My Blue Moon Turns To Gold Again
A-ha3,glam rock,@A-ha3,95522927,Happier,Seven Nation Army
Morgernshtern3,folk,@Morgernshtern3,14546503,Runaway,Leck
EVE3,funk,@EVE3,6992358,INDUSTRY BABY,You Could Be
Lisa3,gospel music,@Lisa3,45716830,The Mission "M Is for Milla Mix",One Night
Asking Alexandria3,folk,@Asking Alexandria3,91836908,Reason Living,Cover Me In Sunshine
Hands Like Houses3,folk,@Hands Like Houses3,39088236,Believer,Before I Cave In
Netta3,rave,@Netta3,70556706,I Don't Want You,Psycho
Little Big3,heavy metal,@Little Big3,55315834,Never Going Home,Fuck That
She Wants Revenge3,country,@She Wants Revenge3,59608307,Say It Right,Found
Dayseeker3,hip hop,@Dayseeker3,55184985,No Love (feat. Lil Wayne),No Stress
Too Close To Touch3,rave,@Too Close To Touch3,7659643,Bang Bang,Shoot To Thrill
Nerv3,pop rock,@Nerv3,83050282,Take A Chance On Me,willow
Glass Tides3,gospel music,@Glass Tides3,16649158,Wasting My Youth,traitor
Picturesque3,raggae,@Picturesque3,97287043,Techno Disco,My Way
The World Alive3,folk,@The World Alive3,96964880,Head & Heart,Out Out
Thosand Below3,folk,@Thosand Below3,162762,Glory Box,All Star
UVERworld3,trap,@UVERworld3,29253796,Youth,I Only Have Eyes For You
BURNOUT SYNDROMES3,pop rap,@BURNOUT SYNDROMES3,8521798,On The Ground,Remember
Elvis Presley4,k-pop,@Elvis Presley4,2347349,Take me to church,Understand Your Man
Elton John4,alternative rock,@Elton John4,16003419,Butter,Good Girls
Bob Dylan4,k-pop,@Bob Dylan4,40136845,Talk to a Friend,U + Ur Hand
The Beatles4,pop,@The Beatles4,72267229,Deep End,If You Ever Leave I'm Coming with You
Eric Clapton4,alternative rock,@Eric Clapton4,23277517,Deep End,SOS
Queen4,rock,@Queen4,24634105,Runaway,Come Together
Rod Stewart4,classic rock,@Rod Stewart4,14296648,Throne,No Stress
Johnny Cash4,classic rock,@Johnny Cash4,42698378,Another Brick In The Wall,If You Really Love Me (How Will I Know)
Van Morrison4,rap,@Van Morrison4,27963218,Stay,I Hate Everything About You
The Beach Boys4,hip hop,@The Beach Boys4,62927508,Late At Night,Excuses
Prince4,punk rock,@Prince4,38341049,Story of My Life,Space Melody
Bruce Springsteen4,indie pop,@Bruce Springsteen4,59387003,Shivers,Animals
The Rolling Stones4,gospel music,@The Rolling Stones4,63854762,Fine Line,better
Perry Como4,rap rock,@Perry Como4,38392578,Petite,Ooh Wee
AC/DC4,rock,@AC/DC4,91517302,How You Remind Me,Eagle
George Strait4,funk,@George Strait4,28621180,Ben,Deep End
David Bowie4,glam rock,@David Bowie4,98056849,Fire In The Sky,I Still Have Faith In You
Aerosmith4,glam rock,@Aerosmith4,56947900,Diego,Space Melody
Sarah Brightman4,heavy metal,@Sarah Brightman4,72721774,Woo Baby,Industry Baby
Reba McEntire4,classic rock,@Reba McEntire4,28557893,Meet Me At Our Spot,drivers license
Michael Jackson4,pop,@Michael Jackson4,36781335,Prayers,Alors On Danse
Eminem4,latin music,@Eminem4,88028686,Essence,Time of Dying
James Taylor4,rap,@James Taylor4,14961256,LightHouse,Give It Away
Madonna4,electro music,@Madonna4,77294045,Tesla,Fly Away
The Clash4,classical music,@The Clash4,33264492,Afterglow,Before I Cave In
Kris Kristofferson4,glam rock,@Kris Kristofferson4,66054272,The Secret He Had Missed,Let Them Know
Alice Cooper4,jazz,@Alice Cooper4,60344021,Come Together,The Mission "M Is for Milla Mix"
Kiss4,hip hop,@Kiss4,54669364,Lights Down,Water fountain
Neil Young4,classic rock,@Neil Young4,13086182,I Love You I Hate You,Human
Starset4,classical music,@Starset4,87777917,LightHouse,Us
Dua Lipa4,jazz,@Dua Lipa4,78890784,Believe Me,Love The Way You Lie (feat. Rihanna)
Normandie4,hard rock,@Normandie4,22021429,Salt,Seven Wonders
Linked Horizon4,country,@Linked Horizon4,47106981,Rollin',Runaway
Muse4,heavy metal,@Muse4,20278798,White Rabbit,U + Ur Hand
Coldplay4,pop rock,@Coldplay4,52784464,Breathe,Wasted Love
Paramore4,k-pop,@Paramore4,61403354,U + Ur Hand,Bring Me To Life
Bring Me The Horizon4,r&b,@Bring Me The Horizon4,56139765,Psycho,Like a Shadow
Cardi B4,alternative rock,@Cardi B4,35628986,One Night,Idfc
Oasis4,pop rock,@Oasis4,92952422,All I Know So Far,I Want You
Black Sabbath4,electro music,@Black Sabbath4,22805574,Witch Hunt,2055
Blur4,electro music,@Blur4,22893322,My Life Is Going On,Out Out
Arctic Monkeys4,rap,@Arctic Monkeys4,92615059,Crawling,Throne
The Smiths4,hard rock,@The Smiths4,69221709,You & I,Summer in the City
The Cure4,alternative rock,@The Cure4,35298290,All Good Things,Butter
Depeche Mode4,classical music,@Depeche Mode4,12298527,Story of My Life,First In Line
Placebo4,rave,@Placebo4,45069211,Love (Sweet Love),Livin' In A World Without You
One Direction4,r&b,@One Direction4,66933155,Talk to a Friend,Love All
Harry Styles4,funk,@Harry Styles4,56852870,Summer Of Love,Are You Lonesome Tonight?
Machine Gun Kelly4,metal,@Machine Gun Kelly4,85538112,Numb,Nirvana
The Prodigy4,heavy metal,@The Prodigy4,78146090,One Step Closer,You & I
BTS4,pop,@BTS4,2936830,Whenever You're Ready (Acoustic),Circus
Blackpink4,metal,@Blackpink4,91667824,With You,Like I Do
Deep Purple4,glam rock,@Deep Purple4,22449961,Visiting Hours,Turn Down For What
Gorillaz4,k-pop,@Gorillaz4,60944984,Break My Heart,Survival
Christina Aguilera4,rap rock,@Christina Aguilera4,70020227,Numb,Diablo
Britney Spears4,country,@Britney Spears4,36406231,Kingston Town,Dance Monkey
Editors4,heavy metal,@Editors4,19940895,On The Ground,Don't Stop The Music
Our Last Night4,disco,@Our Last Night4,70250536,Creep,Who's They
Sex Pistols4,pop rap,@Sex Pistols4,68078125,Lullaby,Us
The Killers4,metal,@The Killers4,4999401,Leather And Lace,Take me to church
Florence + the Machine4,electro music,@Florence + the Machine4,36124932,I Gotta Be Me,Afterglow
Amy Winehouse4,gospel music,@Amy Winehouse4,78981102,Rolling In The Deep,Woo Baby
Sia4,funk,@Sia4,55115133,The Fear,DIvision Symbols
P!nk4,folk,@P!nk4,9001102,Runaway Baby,Come Together
Genesis4,jazz,@Genesis4,55129024,Wasted Love,Kissing Strangers
Beyonce4,electro music,@Beyonce4,56576294,Love Tonight,Little Bit of Love
Kelly Clarkson4,trap,@Kelly Clarkson4,63998839,SOS,White Lies
Enter Shikari4,country,@Enter Shikari4,30280016,Let's Love,Drive
Black Veil Brides4,glam rock,@Black Veil Brides4,27347912,I Still Have Faith In You,Head & Heart
Skillet4,k-pop,@Skillet4,13066397,Take My Breath,Heat Waves
The Neighbourhood4,country,@The Neighbourhood4,31489017,No Twerk,Where Is The Love?
Jennifer Lopez4,rave,@Jennifer Lopez4,1805781,Get You Down,Fountains
Shakira4,electro music,@Shakira4,99857161,About You Now,SOS
Fall Out Boy4,latin music,@Fall Out Boy4,81469712,Wasted Love,Mona Lisa
Panic! At The Disco4,rap rock,@Panic! At The Disco4,88375452,Witch,Power
I See Stars4,pop,@I See Stars4,82229855,Fall Down,Cover Me In Sunshine
Caskets4,indie pop,@Caskets4,92733809,Where Is The Love?,Fine Line
Scorpions4,latin music,@Scorpions4,77236419,Don't Stop The Music,I'm a Pop
System Of A Down4,glam rock,@System Of A Down4,47630716,Kings and Queens,Ca Plane Pour Moi
Zero Horizon4,pop,@Zero Horizon4,1490071,drivers license,Wrecked
All Time Low4,metalcore,@All Time Low4,32508391,Tell Me Something Good (Mixed),AIN’T SO
Imagine Dragons4,rap,@Imagine Dragons4,12163296,24/5,Believe Me
Annisokay4,classical music,@Annisokay4,18851726,Found,Hurricane
Hollywood Undead4,jazz,@Hollywood Undead4,68635422,Techno Disco,Thank God I'm A Country Boy
A Day To Remember4,rock,@A Day To Remember4,87447572,I Love You Always Forever,Jalebi Baby
Rise Against4,electro music,@Rise Against4,70817256,I Miss the Misery,better
I Prevail4,rock,@I Prevail4,19851321,Livin' In A World Without You,Lost (reimagined)
Falling In Reverse4,k-pop,@Falling In Reverse4,61026447,Am I Wrong,Kiss Me More
My Chemical Romance4,folk,@My Chemical Romance4,12980551,Ily,Crawling
Crown The Empire4,gospel music,@Crown The Empire4,65406094,Heavier,The Mission "M Is for Milla Mix"
Bad Omens4,heavy metal,@Bad Omens4,9825081,Story of My Life,Way 2 Sexy
Royal Blood4,k-pop,@Royal Blood4,53219386,Diablo,Shape Of My Heart
Wildways4,folk,@Wildways4,20385246,Lullaby,Touch OFF
Slaves4,alternative rock,@Slaves4,83312785,TRASH CANDY,Wasted
FEVER444,jazz,@FEVER444,14195194,Save Your Tears,I Want It All
