1,Deep End,Justin Timberlake1
2,Time of Dying,Madonna2
2,Found,Arash1
3,No Love (feat. Lil Wayne),Escape2
3,Be Free,Genesis3
3,Follow You,System Of A Down1
4,Falling Apart,Florence + the Machine4
5,Can't Come To The Phone,Hands Like Houses3
6,In The End,All Time Low
6,You Don't Know,Hollywood Undead
6,Wrecking Ball,Madonna1
7,Deep End,Maroon 5
7,Now I Know,Nataliya1
8,Falling Apart,Black Sabbath4
8,Take A Chance On Me,Our Last Night2
9,Lovely,Sia
9,Turn Down For What,Alice Cooper1
10,Holding Me Down,Ozzy Osbourne3
11,I'm Gonna Be (500 Miles),Måneskin1
11,Tesla,XXXTentacion
12,Diego,Dua Lipa1
12,Fireworks,Alizee
13,Zombie,James Taylor2
13,When My Blue Moon Turns To Gold Again,Black Eyed Peas2
13,Wasted Love,Travis Scott3
14,The Funeral,Placebo
15,I Only Have Eyes For You,Imagine Dragons3
16,Runaway With It,Slipknot1
16,Someone You Loved,Judas Priest3
16,Take You Dancing,Enter Shikari3
17,Take A Chance On Me,Thosand Below
17,Wid It,Powerwolf
18,Woo Baby,Sia2
18,On The Ground,Rise Against
19,Won't Get Fooled Again,System of a Down2
19,Kings and Queens,Lian Ross
20,White Lies,AC/DC2
21,Head And Heart,The Smiths2
21,Techno Disco,Bob Dylan4
22,Skate,BTS4
22,Story of My Life,Van Morrison3
23,Sex Machine,Britney Spears2
24,Sex Machine,Morgernshtern3
24,Ich hasse Kinder,P!nk3
24,Wid It,Calvin Harris1
25,Super Trouper,Dj Aligator3
25,Monster (reimagined),Rise Against2
25,Strange Effect,Sade3
26,Should I Stay Or Should I Go,Starset2
26,Runaway Baby,DMX1
27,Just Like Fire,Hollywood Undead3
28,Cure (reimagined),The Clash
29,Now I Know,Dava
30,Carnival of Rust,The Rolling Stones4
30,AIN’T SO,Imagine Dragons1
30,OMG,Dua Lipa4
31,Wrecking Ball,Madonna1
32,Love The Way You Lie (feat. Rihanna),Little mix
33,All Star,Travis Scott1
34,Fly Away,Starset1
34,Gyalis,The Offspring
34,When You're Out,The Weeknd2
35,Sweater weather,Black Veil Brides4
36,Leck,Royal Blood2
36,Love All,Linkin Park
37,Don't shut me down,Thosand Below2
38,By Your Side,Muse4
38,Does Your Mother Know,Lil Peep
39,Black Lungs,David Bowie2
39,Secrets,Maroon 51
39,Found,The Rasmus2
40,Follow You,I Prevail1
40,Seven Nation Army,Crown The Empire4
41,Blame,BURNOUT SYNDROMES1
42,Believe Me,Elvis Presley
42,Industry Baby,Måneskin2
43,Over and Over,Nirvana3
44,Seventeen Going Under,Guns N' Roses1
44,I'm a Pop,Rise Against1
44,Cure (reimagined),The Clash
45,Oops,Sia3
46,Why Do You Lie To Me,Crazy Frog2
47,Dynamite,UVERworld2
48,You Don't Know,Dua Lipa2
48,Runaway With It,Slipknot1
49,Prayers,Валерий Меладзе
50,Wid It,Powerwolf
50,Blame,The Beatles4
51,Wasted Love,Enrique Iglesias
51,Bad Romance,Black Veil Brides3
51,Techno Disco,BTS2
52,Monster (reimagined),Benny Benassi3
53,Don't Stop The Music,Skillet
53,FLY HIGH!!!,Myriam Fares3
53,Choose Me,Kelly Clarkson1
54,A Million On My Soul,Falling In Reverse2
54,Follow You,System Of A Down1
54,No Stress,I Prevail3
55,Tesla,XXXTentacion
56,Bury a Lie,Arash
57,Petite,Skillet3
58,Cover Me In Sunshine,Oasis2
58,Girls Want Girls,All Time Low3
59,Circus,Pitbull3
59,Can't Feel My Face,Kelly Clarkson2
60,Just Like Fire,Hollywood Undead3
60,Pain,Prince1
60,Call 911,Dj Aligator1
61,Little Bit of Love,Museum
62,Ily,Ariana Grande3
63,Rampampam,Kiss2
63,Dancing On Dangerous,Ghostemane1
64,Understand Your Man,Anastacia2
65,Obsessed With You,Alice Cooper
66,I Only Have Eyes For You,The Killers3
67,Why Do You Lie To Me,Avril Lavigne1
67,Let Them Know,Gorillaz3
68,Good 4 U,Нервы
68,Once In A While,Korn1
68,Fireworks,Starset
69,Habits,Imagine Dragons2
70,Cure (reimagined),Xcho2
71,Harleys In Hawaii,Eric Clapton3
72,Witch Hunt,Nataliya
72,Diego,Evanescence2
73,Wrecking Ball,Justin Timberlake
73,3 to 1,Kris Kristofferson2
74,Bleed It Out,Panic! At The Disco3
74,No Love (feat. Lil Wayne),coldrain
75,Firework,Jennifer Lopez2
76,Mona Lisa,Madonna4
76,Story of My Life,Van Morrison3
77,Save Your Tears,Skillet4
78,Love On The Brain,Caskets4
78,Obsessed With You,George Strait3
78,Talk to a Friend,Panic! At The Disco2
79,Chalk Outline,Linked Horizon
79,Angels Lullaby,Korn
80,Remember,Paramore3
81,Glory Box,Lian Ross3
81,Remember,One Direction4
81,Understand Your Man,A-ha3
82,AIN’T SO,Backstreet Boy3
82,When My Blue Moon Turns To Gold Again,Black Eyed Peas2
83,Fire In The Sky,Lil Nas X3
83,Woman,Nirvana2
84,The Funeral,Placebo
84,Hands Up,Annisokay
84,Habits,James Taylor
85,Talk to a Friend,Panic! At The Disco2
85,Falling,Lil Nas X
85,Love On The Brain,Amy Winehouse
86,Another love,My Chemical Romance3
86,Jealousy jealousy,Cardi B
86,Firework,Jennifer Lopez2
87,Chemical,Bring Me The Horizon
88,Leck,Royal Blood2
88,Shivers,Mustafa Sandal2
89,Dance Monkey,Florence + the Machine2
89,Space Melody,Little Big3
89,One Step Closer,FEVER333
90,Ich hasse Kinder,P!nk3
90,AIN’T SO,The Smiths4
90,Redemption,George Strait2
91,Essence,Backstreet Boy1
91,Painkiller,Benny Benassi1
92,Piano Banana,The Clash1
92,Essence,Whitney Houston
92,Mamacita,Fall Out Boy4
93,The Business,Perry Como2
94,I'm Gonna Be (500 Miles),Måneskin1
94,Conga,The Neighbourhood3
94,Let Them Know,Armin van Buuren1
95,I Feel It Coming,Ed Sheeran
96,Never Going Home,Scorpions4
96,Shum,Lisa
96,La Grenade,Neil Young
97,Cursed,Måneskin3
98,La Grenade,Snoop Dogg2
99,Talk to a Friend,Shakira
100,Harleys In Hawaii,System Of A Down4
100,Runaway With It,Beyonce4
100,Faint,Rod Stewart
101,Wasted Love,Disturbed3
101,Crawling,Korn2
101,A Million On My Soul,Slaves2
102,Power,Anastacia
102,Take My Breath,Nancy Ajram3
102,By Your Side,Muse4
103,Alone (Alternative Mix),Editors4
103,Choose Me,Evan Band
103,Super Trouper,Lian Ross1
104,Falling Apart,Too Close To Touch2
105,Does Your Mother Know,Stray Kids1
106,Choose Me,Kelly Clarkson1
106,Choose Me,LP1
107,Animals,EVE3
107,Gyalis,Nataliya2
107,Shoot To Thrill,Kiss
108,You for Me,Turbotronic1
108,Get You Down,Kris Kristofferson1
108,Like I Do,The Clash4
109,The Mission "M Is for Milla Mix",Crown The Empire3
109,Where Is The Love?,Genesis2
109,White Lies,Paramore4
110,Am I Wrong,Saul
111,Jalebi Baby,Arctic Monkeys3
111,Another love,Jennifer Lopez4
112,Choose Me,Kelly Clarkson1
112,Essence,Whitney Houston
113,Runaway,Harry Styles3
114,On My Own,James Taylor3
114,Kings and Queens,ZZ Top1
114,Girls Want Girls,Our Last Night
115,Does Your Mother Know,Lil Peep
115,Beggin,Lady not Gaga
116,Mamacita,Fall Out Boy4
117,Cut Me Loose,Enrique Iglesias1
118,Dirty Hands (Gone Mad),Moby1
118,A Little Party Never Killed Nobody (All We Got),The Weeknd
118,The Mission "M Is for Milla Mix",Coldplay4
119,Mona Lisa,I Prevail2
120,Holding Me Down,Michael Jackson2
121,Circus,Pitbull3
121,Painkiller,Benny Benassi1
122,Monster (reimagined),The Beach Boys3
122,AIN’T SO,The Smiths4
122,My Head and My Heart,Stray Kids2
123,Strange Effect,Sade3
124,Bleed It Out,Placebo1
124,Sex Machine,Madonna3
124,Redemption,George Michael
125,Seven Wonders,50 Cent1
126,How You Remind Me,Lil Peep1
127,Throne,P!nk1
127,Blame,Eric Clapton1
128,Endless Love,Nancy Ajram1
128,Falling,The Neighbourhood
129,Witch Hunt,Crown The Empire1
130,If You Really Love Me (How Will I Know),Three Days Grace3
130,Head And Heart,Bruno Mars3
130,Bloodstream,Linked Horizon3
131,Wannabe,Nelly Furtado
131,Monster (reimagined),The Beach Boys3
131,A Million On My Soul,Falling In Reverse2
132,Dancing On Dangerous,Ghostemane1
132,Secrets,Reba McEntire1
133,TRASH CANDY,Ghostemane2
133,Bang Bang,Rod Stewart4
134,She's Wild,Akcent
135,Youth,Haddaway2
136,Take My Breath,Christina Aguilera4
136,Morrow,Starset3
136,I'm a Pop,Lara Fabian3
137,Don't Break the Heart,Reba McEntire
137,2055,Turbotronic2
138,Wannabe,Michael Jackson4
139,Diamonds,Marilyn Manson
139,You and I,Rise Against3
139,Toxicity,Alice Cooper3
140,Conga,One Direction
140,Wrecked,Picturesque1
140,Livin' In A World Without You,Dava1
141,Seventh Heaven,Van Morrison2
141,Ghost Like You,Eminem4
142,Cure (reimagined),The Clash
143,Secrets,Reba McEntire1
143,In The End,All Time Low
143,Rumors,Eminem
144,rockstar,Halsey
144,Sad Song,Editors3
144,Holding Me Down,Manowar3
145,Somewhere Only We Know,A-ha2
146,The Only One I Know,Avril Lavigne3
146,Good 4 U,Bad Omens3
146,Alone With You,Wildways2
147,In The End,Caskets
147,Lost (reimagined),Paramore1
148,The Mission "M Is for Milla Mix",Bon Jovi2
148,Give It Away,Whitney Houston1
149,Impossible,Reba McEntire4
149,Eagle,Limp Bizkit3
150,Forgotten,James Taylor1
150,The Magic Key,David Guetta2
151,Runaway,Harry Styles3
151,24/5,Elvis Presley3
152,Heat Waves,P!nk
152,Livin' In A World Without You,Dava1
153,Dreamin,Benny Benassi
153,Bury a Lie,Inna
154,Pain,Prince1
155,I Want It All,The Rasmus
155,U + Ur Hand,Selena Gomez3
156,Time of Dying,Madonna2
156,Clash,Perry Como4
156,Redemption,George Michael
157,Girl Like Me,Dava3
158,ocean view,Gorillaz4
158,You Could Be,Deep Purple
159,Somewhere Only We Know,Black Sabbath
159,Crawling,James Taylor4
159,Someone,EVE
160,Love Tonight,George Michael3
160,I Gotta Be Me,H.I.M
161,Collard Greens,Wildways4
161,I GUESS I'M IN LOVE,Doja Cat2
162,Come Together,Bob Dylan3
162,Morrow,Starset3
162,Somewhere Only We Know,Black Sabbath
163,White Rabbit,Guma
163,Get Lucky,Britney Spears
164,Ily,Cardi B3
164,La Grenade,Neil Young
164,Remember,Genesis1
165,Visiting Hours,Hurts
166,The Mission "M Is for Milla Mix",Bon Jovi2
166,Play That Funky Music,Netta
166,love nwantiti,Jennifer Lopez
167,Hypnodancer,Space3
167,All Good Things,Bad Omens4
168,Wrecked,Picturesque1
168,White Lies,Paramore4
168,Collard Greens,Wildways4
169,Super Trouper,Lian Ross1
169,Techno Disco,Bob Dylan4
170,Forgotten,Gorillaz
171,Follow You,Machine Gun Kelly
171,Like I Do,Валерий Меладзе1
171,Better Days,Doja Cat1
172,No Stress,I Prevail3
173,Conga,Ariana Grande1
174,Wasted Love,Glass Tides2
174,Bloodstream,Asking Alexandria2
175,I Gotta Be Me,Twenty One Pilots3
175,Jalebi Baby,Shakira2
176,Come Together,Glass Tides3
176,The Mission "M Is for Milla Mix",Rammstein1
177,Lights Down,Limp Bizkit
178,I Feel It Coming,Machine Gun Kelly2
178,Dynamite,Netta1
179,Mamacita,Fall Out Boy4
180,In Your Eyes,Rammstein3
180,Impossible,Reba McEntire4
181,Choose Me,LP1
182,Don't Go Yet,The Beatles3
183,4 To The Floor,Oliver Tree1
184,Flashbacks,Haddaway
184,Shum,Lisa
184,Alone,Rise Against4
185,By Your Side,Muse4
186,Hometown Glory,Plazma
186,You Don't Know,Hollywood Undead
187,Kings and Queens,Lian Ross
187,Somewhere Only We Know,Justin Bieber2
188,Hurricane,Limp Bizkit2
188,I Gotta Be Me,LP
189,Woo Baby,Bruno Mars2
190,Hands Up,Annisokay
190,I Wanna Be Your Slave,Haddaway1
191,Techno Disco,Akcent1
191,Techno Disco,Bob Dylan4
191,Dance Monkey,Florence + the Machine2
192,Diamonds,Marilyn Manson
192,Seventh Heaven,Benny Benassi2
193,Everybody,Blackpink1
194,Mad About Bars,The Vamps
194,Don't Stop The Music,Skillet
194,Blame,Eric Clapton1
195,Industry Baby,Måneskin2
195,Choose Me,David Bowie4
195,Don't Speak,The Cure
196,No Love (feat. Lil Wayne),coldrain
196,Witch Hunt,Nataliya
197,Alone With You,Anastacia3
197,Choose Me,Scorpions1
197,Prayers,Валерий Меладзе
198,Eagle,Limp Bizkit3
198,Wrecked,Imagine Dragons
198,Techno Disco,Akcent1
199,Black Lungs,Dua Lipa
199,Cure (reimagined),Depeche Mode2
200,Ways To Disappear,Era3
200,Believer,I Prevail
201,Story of My Life,Eminem3
201,Once In A While,Korn1
201,Don't shut me down,Rod Stewart1
202,A Little Party Never Killed Nobody (All We Got),The Weeknd
202,Visiting Hours,Hurts
202,Mona Lisa,Madonna4
203,Cursed,Bruce Springsteen
203,Walking The Wire,Calvin Harris
203,No Love (feat. Lil Wayne),Scorpions2
204,Wrecking Ball,Pitbull
205,Call Out My Name,Slaves
206,Call Out My Name,Slaves
207,Chalk Outline,Fall Out Boy
208,Little Bit of Love,Dust
208,Come Together,Bob Dylan3
208,Shoot To Thrill,Kiss
209,Chalk Outline,Fall Out Boy
209,Crawling,James Taylor4
209,Born To Be Yours,Sting3
210,Give It Away,Deep Purple2
211,Angels Lullaby,Korn
211,I Gotta Be Me,LP
211,Promises,Selena Gomez1
212,Heavier,Arcaeus
212,Eye Opener,Avril Lavigne
213,Love On The Brain,Ava Max3
213,Animals,Perry Como
214,Pain,Black Sabbath3
214,Numb,I Prevail4
214,Wasted Love,Enrique Iglesias
215,Kingston Town,Noragami
215,In Da Getto,Lady Gaga2
215,Holding Me Down,The Neighbourhood1
216,Space Melody,XXXTentacion3
216,Bury a Lie,Inna
217,Love Or Lust,Doja Cat
217,Ben,System of a Down3
218,Fire In The Sky,Lil Nas X3
219,Dancing On Dangerous,Ghostemane1
219,Bury a Lie,Ed Scott
219,My Happy Ending,Asking Alexandria1
220,Uptown Funk,Elton John3
220,Seventh Heaven,Van Morrison2
221,All Star,Alizee3
221,Power,Anastacia
222,Happier,Lil Peep3
223,Wannabe,Michael Jackson4
224,Surviving The Game,David Bowie1
224,No Love (feat. Lil Wayne),coldrain
224,On My Own,James Taylor3
225,Crawling,James Taylor4
225,Forgotten,James Taylor1
225,Shoot To Thrill,Kiss
226,Woman,Glass Tides1
226,Animals,The Offspring1
227,In Da Getto,Bring Me The Horizon1
228,Everybody,AC/DC
228,Monster (reimagined),The Beach Boys3
229,Follow You,Machine Gun Kelly
229,Morrow,Starset3
229,Witch Hunt,Nataliya
230,Kiss My (Uh Oh),Selena Gomez2
230,Blinding Lights,Christina Aguilera1
230,Gone Forever,Era1
231,Redemption,Enya
231,Kaikai Kitan,Powerwolf1
232,Seventeen Going Under,Guns N' Roses1
233,Shoot To Thrill,Kiss
234,You and I,Lil Nas X1
234,Leave Before You Love Me,Gorillaz1
234,Psycho,Prince4
235,Flashbacks,Bring Me The Horizon3
235,Million To One,Xcho
236,Tesla,Shakira1
236,She's Wild,Akcent
236,Love On The Brain,Amy Winehouse
237,If You Ever Leave I'm Coming with You,Blackpink3
238,Oops,A Day To Remember1
239,Youth,Harry Styles1
240,Give It Away,Arash2
240,Sad Song,Harry Styles
240,Somewhere I Belong,Inna1
241,Experience,Space
242,I Only Have Eyes For You,Caskets3
243,Summertime Shootout,Picturesque3
243,Don't be so shy,The Prodigy4
243,I Feel It Coming,Machine Gun Kelly2
244,La Grenade,Snoop Dogg2
244,Conga,One Direction
244,Unstoppable,Genesis4
245,Tesla,Harry Styles2
246,Prayers,Reba McEntire3
246,Happier,Royal Blood
247,Monster (reimagined),The Beach Boys3
248,Heat Waves,Muse2
248,Cover Me In Sunshine,Rammstein2
249,Head And Heart,The Smiths2
250,Butter,Imany1
250,La Grenade,Neil Young
250,Lying In The Sunshine,A Day To Remember3
251,Skate,BTS4
252,Petite,Bring Me The Horizon2
252,Kings and Queens,Lian Ross
253,In Your Eyes,Rammstein3
254,Like I Do,System of a Down
254,Don't Shut Me Down,Calvin Harris3
255,Should I Stay Or Should I Go,Starset2
256,I Want It All,Bob Dylan1
256,Diablo,Dayseeker2
257,No Twerk,Evanescence
258,Another love,BURNOUT SYNDROMES
258,Don't Go Yet,The Beatles3
259,Somewhere Only We Know,Travis Scott2
259,Always On My Mind,Pitbull1
260,Good 4 U,Нервы
260,Pump Up The Jam,Moby2
260,Like I Do,System of a Down
261,Don't Go Yet,Eric Clapton4
261,I Miss the Misery,Manowar1
261,In Da Getto,The Killers1
262,Tesla,Harry Styles2
263,On My Own,James Taylor3
263,Animals,EVE3
263,Don't Speak,Hands Like Houses
264,Habits,James Taylor
265,Don't Speak,Hands Like Houses
265,Am I Wrong,Kiss3
265,My Way,Too Close To Touch3
266,Lights Down,Imagine Dragons4
266,Nirvana,Maroon 52
266,Kingston Town,The Beatles2
267,Dirty Hands (Gone Mad),Moby1
268,In Da Getto,The Killers1
268,Uptown Funk,Ozzy Osbourne
268,Blame,A-ha1
269,Unstoppable,Johnny Cash4
269,Bloodstream,Linked Horizon3
270,In Da Getto,Bring Me The Horizon1
271,Woo Baby,Normandie3
271,Believe Me,The Killers2
272,Firework,Jennifer Lopez2
272,Don't Stop The Music,Enter Shikari1
272,If You Really Love Me (How Will I Know),The Killers
273,Harleys In Hawaii,System Of A Down4
274,Choose Me,Scorpions1
274,Love Or Lust,UVERworld3
275,Power,Anastacia
275,Don't shut me down,Rod Stewart1
275,Hometown Glory,Inna3
276,Tesla,Ice Mc
276,Leck,Sarah Brightman2
277,Together,Machine Gun Kelly4
278,Don't Stop The Music,Little Big
278,Sleep,Twenty One Pilots2
278,Bang Bang,Rod Stewart4
279,Woman,Glass Tides1
280,Someone,Eric Clapton
281,Smells Like Teen Spirit,The Rolling Stones2
281,Gyalis,Dj Aligator2
282,Sad Song,Editors3
283,I Wanna Be Your Slave,Haddaway1
284,Girl Like Me,Blur2
284,Conga,One Direction
284,Black Lungs,David Bowie2
285,Dirty Hands (Gone Mad),Deep Purple3
286,By Myself,The Cure2
286,Holding Me Down,The Neighbourhood1
286,Dirty Hands (Gone Mad),Deep Purple3
287,Sad Song,Editors3
288,Father And Son,Van Morrison
289,Oops,EVE2
290,Obsessed With You,George Strait3
290,Essence,Whitney Houston
290,Indestructible,Blur3
291,I Still Have Faith In You,Rafet El Roman
291,First In Line,XXXTentacion1
292,Can't Come To The Phone,Hands Like Houses3
292,Cure (reimagined),Xcho2
292,Wrecking Ball,Pitbull
293,Ca Plane Pour Moi,Slaves3
294,Fireworks,Starset
294,Bang Bang,Rod Stewart4
295,Bang Bang,Evan Band3
295,Lovely,Shawn Mendes
295,Tell Me Something Good (Mixed),Katy Perry
296,Dakiti,I See Stars2
296,In The End,Caskets
296,Freed From Desire,Michael Jackson
297,Cure (reimagined),Xcho2
298,Bad Romance,Falling In Reverse1
298,You Don't Fool Me,Too Close To Touch
299,I Hate Everything About You,Rihanna3
299,Heavier,Annisokay4
299,Tesla,Ice Mc
300,Happy,Sia1
301,In The Shadows,Scorpions3
302,Carnival of Rust,Normandie
303,Shum,Lisa
304,Choose Me,Evan Band
304,Manana,ATB
305,Alors On Danse,Elton John1
305,Found,The Rasmus2
306,Endless Love,Two Direction
306,Eagle,K-Maro2
307,I Don't Want You,Alizee1
307,Oops,EVE2
307,INDUSTRY BABY,Lady Gaga1
308,Follow You,Black Eyed Peas1
309,I Miss the Misery,Manowar1
309,Gyalis,The Offspring
309,No Friends In The Industry,My Chemical Romance
310,Animals,EVE3
310,Essence,Bon Jovi1
311,Uno,Myriam Fares2
311,Just Like Fire,Hollywood Undead3
311,Woo Baby,Sia2
312,Signs (reimagined),Lisa2
312,Dynamite,UVERworld2
312,Experience,Space
313,Turn Down For What,Christina Aguilera2
313,If You Really Love Me (How Will I Know),Three Days Grace3
314,3 to 1,Sade2
314,Kaikai Kitan,Powerwolf1
314,Seventh Heaven,ATB1
315,The Mission "M Is for Milla Mix",Evan Band1
315,Painkiller,Benny Benassi1
316,I Only Have Eyes For You,Justin Bieber1
317,Rampampam,DMX2
317,When You're Out,Beyonce2
317,My Way,BTS3
318,Petite,Bring Me The Horizon2
318,Come Together,Glass Tides3
318,I Still Have Faith In You,The Beatles
319,Wrecking Ball,Madonna1
319,Kingston Town,BTS1
319,Seven Wonders,Whitney Houston3
320,The Mission "M Is for Milla Mix",Evan Band1
320,Glory Box,Lian Ross3
320,You for Me,Nirvana1
321,Indestructible,Blur3
321,Girl Like Me,Blur2
321,Bleeding Out,Mustafa Sandal
322,Wasted Love,Travis Scott3
323,Paparazzi,Elton John
323,Cure (reimagined),Xcho2
324,Fine Line,Lara Fabian1
324,Somewhere I Belong,Inna1
324,Lights Down,Imagine Dragons4
325,Impossible,AC/DC3
325,You Don't Know,Hollywood Undead
325,All Good Things,Bad Omens4
326,Way 2 Sexy,Jony
326,I Gotta Be Me,H.I.M
327,Holding Me Down,Michael Jackson2
328,Don't Shut Me Down,Elvis Presley4
328,Water fountain,ZZ Top
329,On My Own,James Taylor3
330,Papercut,Guns N' Roses
330,Endless Love,Genesis
331,Pain,Black Sabbath3
331,Don't shut me down,She Wants Revenge
332,This Is Where It Ends,Muse1
333,24/5,Elvis Presley3
333,Take You Dancing,LP2
334,Impossible,Reba McEntire4
335,Love All,Bruce Springsteen4
336,In Da Getto,Lady Gaga2
336,Just for me,Celine Dion2
336,Petite,Anastacia1
337,Wasted Love,Disturbed3
337,First In Line,Bob Dylan
337,Cover Me In Sunshine,Friday Night
338,A Million On My Soul,Slaves2
338,Zombie,Elton John2
339,Head And Heart,Bruno Mars3
339,Love (Sweet Love),Sting
339,Over and Over,Florence + the Machine1
340,Oops,Sia3
340,Zombie,Elton John2
340,Cure (reimagined),Depeche Mode2
341,Love Or Lust,UVERworld3
341,Summer in the City,All Time Low1
342,Harleys In Hawaii,The Beach Boys
342,Firework,Jennifer Lopez2
343,INDUSTRY BABY,Lady Gaga1
344,Born To Be Yours,Justin Timberlake2
344,Sad Song,Enya1
344,Loving Is Easy,Ozzy Osbourne2
345,Crawling,James Taylor4
345,I Love You Always Forever,Bryan Adams2
346,Sunshine,Kiss4
347,I Gotta Be Me,Evanescence3
347,Drive,Minelli3
348,Wrecked,Picturesque1
348,Beggin,Lady not Gaga
348,Can't Feel My Face,Kelly Clarkson2
349,Habits,Imagine Dragons2
349,Don't Stop The Music,Netta2
350,Everybody,Florence + the Machine3
350,You Don't Know,Hollywood Undead
351,Remember,Paramore3
351,Lovefool,Harry Styles4
351,Ca Plane Pour Moi,Paramore
352,Sympathy,Lisa1
352,Blame,Eric Clapton1
352,Industry Baby,Måneskin2
353,Cursed,H.I.M1
353,Uptown Funk,Ozzy Osbourne
353,Butter,Imany1
354,Leck,Royal Blood2
355,Strange Effect,Sade3
355,3 to 1,Kris Kristofferson2
356,Impossible,Crazy Frog3
356,Wrecked,David Guetta3
356,Astronaut In The Ocean,Elton John4
357,Falling,Lil Nas X
358,Atlas Falls,Akcent2
359,Good 4 U,Нервы
359,Talamanca,Dayseeker1
360,Like I Do,Hurts1
361,Cut Me Loose,Ice Mc2
361,Believe Me,The Killers2
362,Hypnodancer,Space3
363,Found,Arash1
363,By Your Side,Muse4
363,Take A Chance On Me,Thosand Below
364,I Only Have Eyes For You,Imagine Dragons3
364,Uno,Amy Winehouse3
365,Visiting Hours,Picturesque
365,Slepptalk,Imany3
366,Believe Me,The Killers2
367,Ghost Like You,Eminem4
367,Glory Box,Lian Ross3
367,Kings and Queens,Sade
368,Don't Shut Me Down,Elvis Presley4
368,Moustache,Pink2
369,drivers license,Slipknot3
370,Choose Me,David Bowie4
370,Frozen,The Score
371,Why Do You Lie To Me,Avril Lavigne1
371,Wid It,Minelli1
371,Falling,Lil Nas X
372,Bloodstream,Michael Jackson1
372,White Lies,Paramore4
373,Give It Away,Deep Purple2
373,Way 2 Sexy,Jony
373,Love On The Brain,Ava Max3
374,Impossible,Crazy Frog3
374,AIN’T SO,Imagine Dragons1
375,Marea (We’ve Lost Dancing),Celine Dion1
376,My Happy Ending,Asking Alexandria1
376,Carnival of Rust,Normandie
376,Save Your Tears,Валерий Меладзе3
377,Fire Fire,Ed Sheeran3
377,Runaway With It,Slipknot1
378,Jealousy jealousy,Lara Fabian2
378,Let Them Know,Gorillaz3
379,Tesla,Harry Styles2
380,Girlfriend,Dayseeker3
380,Impossible,Reba McEntire4
381,Essence,Whitney Houston
382,Manana,Our Last Night3
382,Ben,Crown The Empire
383,The Secret He Had Missed,Placebo4
383,Am I Wrong,Kiss3
384,Bang Bang,Rod Stewart4
384,Call Out My Name,Slaves
384,Lying In The Sunshine,Myriam Fares
385,Falling Apart,Black Sabbath4
385,24/5,Panic! At The Disco1
385,LightHouse,AC/DC1
386,Habits,Imagine Dragons2
387,love nwantiti,Jennifer Lopez
387,Dancing Queen,Snoop Dogg
388,Oops,I See Stars1
389,Understand Your Man,Anastacia2
389,Dancing On Dangerous,Johnny Cash
389,Choose Me,Jason Derulo1
390,Weekend,Myriam Fares1
390,White Rabbit,Ava Max2
390,Petite,Skillet3
391,Petite,Anastacia1
392,Circus,Pitbull3
392,Nirvana,The Smiths1
392,Love Or Lust,UVERworld3
393,I Miss the Misery,Hollywood Undead4
394,Bury a Lie,Arash
395,In The End,The Prodigy2
396,No Friends In The Industry,My Chemical Romance
396,No Love (feat. Lil Wayne),Scorpions2
397,Take Me Away,Scooter3
397,No Friends In The Industry,The Rasmus3
398,Falling Apart,Florence + the Machine4
398,Petite,My Chemical Romance4
399,Bloodstream,Asking Alexandria2
400,Wannabe,Michael Jackson4
400,I'm Gonna Be (500 Miles),Blur
401,Crawling,Korn2
401,FLY HIGH!!!,Myriam Fares3
401,In The End,The Prodigy2
402,Imagine,Placebo2
402,Fake I.D,The Rolling Stones3
402,Dakiti,I See Stars2
403,Clash,Perry Como4
404,Heavier,Annisokay4
404,Run Run,Hollywood Undead1
404,Rampampam,Nerv3
405,Seventeen Going Under,Guns N' Roses1
406,Carnival of Rust,Fall Out Boy2
407,Talk to a Friend,Royal Blood1
407,Uno,Ava Max1
407,Don't Be Shy,Hurts3
408,The Mission "M Is for Milla Mix",Evan Band1
408,In The Shadows,Kelly Clarkson
408,Fly Away,Iron Maiden3
409,Touch OFF,Whitney Houston2
409,FLY HIGH!!!,Myriam Fares3
410,Mamacita,H.I.M3
411,Mood Ring,Black Sabbath1
411,Skate,BTS4
412,La Grenade,The Beach Boys4
412,Blinding Lights,Perry Como3
413,Anchor,Bryan Adams
414,Fireworks,Starset
414,Risk It All,System Of A Down
414,Clash,Perry Como4
415,I Miss the Misery,Hollywood Undead4
415,Painkiller,Benny Benassi1
416,Need To Know,ZZ Top2
416,Impossible,Måneskin
416,Fly Away,Starset1
417,Dancing On Dangerous,Ghostemane1
418,Lying In The Sunshine,Linkin Park1
418,Alone With You,Anastacia3
418,Carnival of Rust,Normandie
419,The Magic Key,David Guetta2
420,Tesla,Shakira1
420,Rumors,Eminem
421,Toxicity,Linked Horizon1
422,Slepptalk,Red Hot Chili Peppers
422,Wrecking Ball,Pitbull
423,Mona Lisa,Madonna4
423,RED,Falling In Reverse4
423,Sympathy,Lisa1
424,Need To Know,ZZ Top2
425,Obsessed With You,George Strait3
426,Wrecking Ball,Kris Kristofferson
426,Come Together,Amy Winehouse4
427,Every Time You Turn Around,Evan Band2
427,Rollin',Lil Peep2
428,Out Out,Нервы3
428,Visiting Hours,Hurts
429,Kingston Town,Gorillaz2
429,Redemption,Enya
429,Get You Down,Normandie2
430,Talk to a Friend,Panic! At The Disco2
431,One Step Closer,FEVER333
432,Visiting Hours,Picturesque
433,Blinding Lights,Christina Aguilera1
433,Ich hasse Kinder,P!nk3
434,Oops,A Day To Remember1
435,Power,Hands Like Houses1
435,AIN’T SO,Bruno Mars
436,Fake I.D,The Rolling Stones3
437,4 To The Floor,Oliver Tree1
437,Painkiller,Benny Benassi1
438,Rampampam,Nerv3
438,Losing My Mind,I See Stars3
438,No Stress,Ice Mc3
439,Woo Baby,Bruno Mars2
439,Don't shut me down,Thosand Below2
440,Uno,Ava Max1
440,2055,Turbotronic2
440,Power,Hands Like Houses1
441,Kingston Town,The Beatles2
442,Lost (reimagined),Katy Perry1
442,Kingston Town,Gorillaz2
442,The Only One I Know,Guns N' Roses3
443,You for Me,50 Cent3
444,Fake I.D,Ed Sheeran1
445,Bloodstream,Linked Horizon3
446,Paradise,Sarah Brightman4
446,Lost (reimagined),Katy Perry1
447,Head And Heart,Bruno Mars3
448,A Million On My Soul,Falling In Reverse2
448,Papercut,Guns N' Roses
449,The Magic Key,David Guetta2
449,LightHouse,AC/DC1
449,Another love,Jennifer Lopez4
450,Chop Suey!,Bruce Springsteen3
451,Kissing Strangers,Annisokay3
451,Zombie,Zero Horizon
452,Human,Mustafa Sandal3
453,You for Me,Turbotronic1
453,No Stress,Kelly Clarkson4
454,First In Line,XXXTentacion1
454,Sunshine,Kiss4
455,Does Your Mother Know,Lil Peep
455,Forgotten,She Wants Revenge1
456,You and I,Rise Against3
456,A Million On My Soul,Slaves2
457,Lights Down,Imagine Dragons4
458,Wid It,Minelli1
459,I Love You Always Forever,Madonna
459,Fantasy,I Prevail you
459,Love (Sweet Love),Sting
460,Fine Line,David Guetta
461,Save Your Tears,Валерий Меладзе3
461,ocean view,Nickelback2
461,Time of Dying,Arash3
462,Uptown Funk,Ozzy Osbourne
463,Leave Before You Love Me,Gorillaz1
463,Experience,Space
464,Techno Disco,Akcent1
464,Runaway With It,Slipknot1
464,Head And Heart,Bruno Mars3
465,Kingston Town,The Beatles2
466,Mona Lisa,I Prevail2
466,Wrecked,David Guetta3
467,Bury a Lie,George Michael1
467,Kings and Queens,Sade
468,Circus,Pitbull3
469,Dynamite,Coldplay
470,Bloodstream,Linked Horizon3
471,Mamacita,Era2
472,Now I Know,The Killers4
473,Surviving The Game,David Bowie1
473,In Da Getto,Too Close To Touch1
474,Moustache,Pink2
475,Follow You,Machine Gun Kelly
476,Out Out,Нервы3
476,Black Lungs,Dua Lipa
477,Mona Lisa,Nickelback3
477,LightHouse,AC/DC1
477,Talk to a Friend,Royal Blood1
478,Strange Effect,Sade3
478,I Hate Everything About You,Rihanna3
479,Fly Away,Starset1
479,Head & Heart,Ghostemane
480,Found,Arash1
480,Human,Mustafa Sandal3
480,Mood Ring,Reba McEntire2
481,The Business,Snoop Dogg1
482,One Night,Lil Nas X2
483,Badala Zamana,Blackpink
483,24/5,Sex Pistols3
483,Bad Romance,Black Veil Brides3
484,Somewhere I Belong,Inna1
484,Borrowed Time,Manowar
485,Obsessed With You,George Strait3
486,Ghost Like You,Black Veil Brides
486,Tesla,Shakira1
486,Play That Funky Music,Pop Evil
487,Someone You Loved,Judas Priest3
487,Talk to a Friend,Panic! At The Disco2
488,Psycho,Jennifer Lopez3
489,Dakiti,I See Stars2
490,I Only Have Eyes For You,Imagine Dragons3
490,Blame,BURNOUT SYNDROMES1
490,Heavier,Backstreet Boy
491,Rumors,Eminem
491,Need To Know,ZZ Top2
492,Kings and Queens,Lian Ross
493,Diablo,Normandie1
494,Everybody,AC/DC
494,Deep End,Justin Timberlake1
494,Ways To Disappear,Oasis
495,I'm Gonna Be (500 Miles),Blur
496,Hometown Glory,Plazma
496,Badala Zamana,Red Hot Chili Peppers1
496,Dusk Till Dawn,Jennifer Lopez1
497,Dirty Hands (Gone Mad),Deep Purple3
498,Petite,Anastacia1
498,Break My Heart,The Prodigy1
498,Bad Romance,Falling In Reverse1
499,Story of My Life,Van Morrison3
499,Be Free,Lian Ross2
499,Oops,A Day To Remember1
500,Choose Me,Evan Band
501,Moustache,Pink2
501,Follow You,I Prevail1
502,Forgotten,She Wants Revenge1
502,You and I,Rise Against3
502,La Grenade,Snoop Dogg2
503,Am I Wrong,Saul
504,Nirvana,Maroon 52
504,Conga,The Smiths3
504,Secrets,Maroon 51
505,Sex Machine,Britney Spears2
505,Sympathy For The Devil,David Bowie
505,Save Your Tears,Aerosmith2
506,Ooh Wee,Oliver Tree3
506,Losing My Mind,I See Stars3
506,First In Line,Bob Dylan
507,Strange Effect,Sade3
507,Kings and Queens,ZZ Top1
507,Touch OFF,Whitney Houston2
508,Petite,Anastacia1
509,If You Really Love Me (How Will I Know),The Killers
509,Imagine,Placebo2
510,SOS,David Bowie3
510,Bury a Lie,Inna
511,willow,Deep Purple4
511,Creep,Alizee2
511,Astronaut In The Ocean,Three Days Grace
512,Endless Love,The Neighbourhood2
512,Collard Greens,Beyonce
513,Cover Me In Sunshine,Oasis2
513,Mood Ring,Black Sabbath1
514,Love The Way You Lie (feat. Rihanna),Little mix
515,Love On The Brain,Alice Cooper4
515,Good 4 U,Falling In Reverse3
515,Seventh Heaven,ATB1
516,Clean Again,Guns N' Roses2
516,Where Is The Love?,Genesis2
516,Lost in Echoes,Depeche Mode4
517,Ben,System of a Down3
517,Before I Cave In,Nerv1
517,Take My Breath,Nerv2
518,Dreamin,Space1
518,Give It Away,Arash2
518,Devil town,BURNOUT SYNDROMES3
519,Fireworks,Annisokay1
520,Blinding Lights,Christina Aguilera1
520,Another love,My Chemical Romance3
521,Lovely,Sia
522,Dark Red,Three Days Grace1
523,Ily,Cardi B3
524,Cure (reimagined),Xcho2
524,Circus,Pitbull3
525,Don't shut me down,Thosand Below2
526,rockstar,Halsey
526,4 To The Floor,Oliver Tree1
527,Don't Go Yet,The Beatles3
527,Talk to a Friend,Royal Blood1
527,Circus,Elvis Presley1
528,Wannabe,Michael Jackson4
529,Alone (Alternative Mix),Lana Del Ray3
529,Conga,Ariana Grande1
529,I Miss the Misery,Hollywood Undead4
530,Tell Me Something Good (Mixed),Katy Perry
530,Alone (Alternative Mix),Lana Del Ray3
531,Petite,My Chemical Romance4
531,Slepptalk,Imany3
532,I Wanna Be Your Slave,Haddaway1
533,Talk to a Friend,Royal Blood1
533,I Still Have Faith In You,The Beatles
533,Touch OFF,Armin van Buuren3
534,Why Do You Lie To Me,Avril Lavigne1
534,Devil town,BURNOUT SYNDROMES3
534,My Happy Ending,Asking Alexandria1
535,Walking The Wire,Bryan Adams1
536,Excuses,UVERworld1
536,Heat Waves,P!nk
536,White Rabbit,Ava Max2
537,Ways To Disappear,Era3
538,Turn Down For What,Christina Aguilera2
539,Redemption,George Strait2
539,Fantasy,I Prevail you
540,Anchor,Ava Max
541,Am I Wrong,Wildways
541,Blame,A-ha1
542,Tesla,Shakira1
542,Ghost Like You,Eminem4
542,Blame,BURNOUT SYNDROMES1
543,Bloodstream,Linked Horizon3
543,Happy,Black Eyed Peas3
543,Gyalis,The Offspring
544,I Hate Everything About You,Sex Pistols4
545,Experience,Space
546,Give It Away,Whitney Houston1
546,Hometown Glory,Plazma
547,Redemption,Enya
547,Smells Like Teen Spirit,Blur4
547,Uptown Funk,Xcho1
548,Woo Baby,One Direction1
548,Whenever Wherever,FEVER332
549,I Want It All,Halsey2
550,Painkiller,Benny Benassi1
551,Throne,P!nk1
551,Ooh Wee,Thosand Below1
552,Clearly,A Day To Remember2
553,Anchor,Bruno Mars1
553,Little Bit of Love,FEVER331
553,Reason Living,Pitbull2
554,Afterglow,Red Hot Chili Peppers2
555,How You Remind Me,Lil Peep1
556,Unstoppable,Plazma3
557,Take Me Away,Scooter3
558,Youth,Harry Styles1
559,Footprints,Justin Bieber
559,3 to 1,System Of A Down2
560,Lost in Echoes,Depeche Mode4
560,Like I Do,Валерий Меладзе1
560,In The Shadows,Scorpions3
561,OMG,Neil Young3
561,Fly Away,Iron Maiden3
562,I GUESS I'M IN LOVE,Enter Shikari
562,Industry Baby,Måneskin2
563,Friday,Armin van Buuren
564,Summer Of Love,The Offspring3
564,Play That Funky Music,Netta
565,Now I Know,Oasis3
565,I WANT YOU BACK,BTS
565,Call 911,Dj Aligator1
566,Come Together,Glass Tides3
566,Dance Monkey,Florence + the Machine2
567,Toxicity,Alice Cooper3
568,My Way,Too Close To Touch3
569,Throne,A-ha
569,Wrecked,David Guetta3
570,Good 4 U,Нервы
570,Dirty Hands (Gone Mad),Deep Purple3
571,Hometown Glory,Plazma
571,Be Free,Genesis3
572,DJ Got Us Fallin' In Love,Papa Roach
572,Jalebi Baby,Shakira2
573,Secrets,Justin Bieber3
573,In Da Getto,Lady Gaga2
573,Let Them Know,Gorillaz3
574,Jail,Slipknot
575,Petite,My Chemical Romance4
575,Bury a Lie,Arash
576,Believe Me,Elvis Presley
577,Conga,The Smiths3
577,No Stress,I Prevail3
578,Prayers,David Guetta1
579,Talk to a Friend,Panic! At The Disco2
580,Heat Waves,Muse2
581,By Myself,The Cure2
581,Deep End,Maroon 5
582,Don't Go Yet,Amy Winehouse1
582,ocean view,Gorillaz4
582,Take My Breath,Fall Out Boy1
583,Runaway,Rammstein
583,Roses,Dj Aligator
583,Visiting Hours,Hurts
584,All Good Things,Bad Omens4
584,Like I Do,Hurts1
585,Bloodstream,Michael Jackson1
586,Mamacita,Era2
586,3 to 1,Coldplay1
586,Everything,Hollow Front
587,Oops,I See Stars1
587,Harleys In Hawaii,System Of A Down4
588,Kings and Queens,Lian Ross
588,Be Free,Powerwolf3
588,I Only Have Eyes For You,Caskets3
589,Oops,Linkin Park3
589,OMG,I See Stars4
590,Runaway,Harry Styles3
590,White Lies,Paramore4
591,Everybody,Florence + the Machine3
591,Be Free,Genesis3
591,You & I,Korn3
592,Nirvana,Maroon 52
592,Endless Love,Nataliya3
593,By Your Side,Deep Purple1
593,Gyalis,The Offspring
594,Falling Apart,Black Sabbath4
594,Girls Want Girls,Our Last Night
594,Holding Me Down,The Neighbourhood1
595,Fuck That,Morgernshtern1
595,Monster (reimagined),Rise Against2
596,Heavier,Queen
596,One Step Closer,Dava2
597,Witch Hunt,Crown The Empire1
597,On My Own,James Taylor3
597,Don't Speak,Hands Like Houses
598,Mad About Bars,The Vamps
598,Moustache,Wildways3
599,Heat Waves,P!nk
599,Father And Son,Van Morrison
599,Heavier,Calvin Harris2
600,Fall Down,Plazma2
601,ocean view,Nickelback2
601,Uptown Funk,Elton John3
602,Hear My Voice,Enter Shikari4
603,Drive,Minelli3
603,Unstoppable,Plazma3
603,No Love (feat. Lil Wayne),Scorpions2
604,Better Days,Doja Cat1
604,First In Line,The Rasmus1
605,Sex Machine,Morgernshtern3
606,Numb,A Day To Remember4
607,Don't Speak,The Cure
607,Chemical,Bring Me The Horizon
608,Fake I.D,Sia4
608,Diego,Dua Lipa1
609,Does Your Mother Know,Stray Kids1
609,Kings and Queens,Sade
609,The Funeral,Placebo
610,Love On The Brain,Caskets4
610,Midnight City,Dayseeker
610,Dancing Queen,Snoop Dogg
611,I Hate Everything About You,Rihanna3
612,Little Bit of Love,Dust
613,Mona Lisa,Madonna4
614,Someone You Loved,Judas Priest3
614,No Twerk,Pink1
614,Collard Greens,Beyonce
615,Cure (reimagined),Depeche Mode2
615,Can't Feel My Face,The World Alive
616,Everybody,AC/DC
616,Witch Hunt,Crown The Empire1
616,This Is Where It Ends,Muse1
617,Throne,Jason Derulo
617,Slepptalk,Red Hot Chili Peppers
617,Numb,I Prevail4
618,Habits,Imagine Dragons2
618,Love All,Bruce Springsteen4
618,3 to 1,Kris Kristofferson2
619,Woo Baby,Sia2
620,Love All,Linkin Park
620,Secrets,Reba McEntire1
621,If You Really Love Me (How Will I Know),Three Days Grace3
621,Devil town,The Cure1
621,Eye Opener,Avril Lavigne
622,Kaikai Kitan,LP3
623,Cut Me Loose,Minelli2
624,Father And Son,Van Morrison
624,Moustache,Wildways3
624,Bloodstream,Linked Horizon3
625,OMG,Neil Young3
625,Jalebi Baby,Shakira2
626,SOS,David Bowie3
627,Time of Dying,Picturesque2
627,Cure (reimagined),Depeche Mode2
628,Morrow,Mustafa Sandal1
628,Take My Breath,Nerv2
628,Choose Me,David Bowie4
629,Diego,Aerosmith1
630,Take You Dancing,LP2
631,Unstoppable,Genesis4
632,I Gotta Be Me,Twenty One Pilots3
632,Follow You,System Of A Down1
632,Mamacita,H.I.M3
633,In The End,The Prodigy2
633,I Only Have Eyes For You,Justin Bieber1
633,Love (Sweet Love),Oasis4
634,Follow You,Machine Gun Kelly
635,Loving Is Easy,Ozzy Osbourne2
636,Kingston Town,Noragami
636,Us,K-Maro3
636,Diamonds,Marilyn Manson
637,Impossible,Crazy Frog3
638,Clash,Rod Stewart3
639,Prayers,Reba McEntire3
639,Wrecked,Imagine Dragons
639,Bleed It Out,Aerosmith3
640,OUT OUT,Coldplay2
641,My Life Is Going On,My Chemical Romance2
641,How You Remind Me,Marilyn Manson2
641,Girlfriend,Dayseeker3
642,Space Melody,Oliver Tree2
642,Ways To Disappear,Neil Young2
643,Don't be so shy,Asking Alexandria3
643,Zombie,Zero Horizon
644,Lost in Echoes,Scooter2
644,Oops,Linkin Park3
645,A Million On My Soul,Slaves2
646,Pain,Prince1
647,Before I Cave In,Nerv1
647,Conga,The Smiths3
647,Runaway Baby,Britney Spears3
648,Visiting Hours,Picturesque
648,Another love,George Strait
649,Runaway,Backstreet Boy2
650,Astronaut In The Ocean,Three Days Grace
650,Secrets,Justin Bieber3
651,Another love,The Clash3
651,Everybody,Blackpink1
652,Why Do You Lie To Me,Avril Lavigne1
652,Chemical,Kris Kristofferson4
652,Take My Breath,Depeche Mode
653,Kingston Town,BTS1
654,Blame,Eric Clapton1
654,My Way,Too Close To Touch3
655,Sympathy,Lisa1
655,Carnival of Rust,The Rolling Stones4
655,Badala Zamana,Blackpink
656,The Mission "M Is for Milla Mix",Evan Band1
656,Someone You Loved,Judas Priest3
656,Someone,Eric Clapton
657,Don't Be Shy,Hurts3
657,Techno Disco,Rihanna2
658,Be Free,The World Alive3
658,Glory Box,Lian Ross3
659,Walking The Wire,Beyonce1
659,Don't Go Yet,The Beatles3
659,No Twerk,Pink1
660,Dynamite,UVERworld2
660,By Myself,Christina Aguilera3
660,Fireworks,Annisokay1
661,Over and Over,Nirvana3
661,Kiss Me More,The Prodigy
662,Redemption,Enya
663,Strange Effect,Sade3
663,Touch OFF,Armin van Buuren3
663,Wasted Love,Enrique Iglesias
664,My Life Is Going On,My Chemical Romance2
665,Touch OFF,Armin van Buuren3
666,Freed From Desire,Michael Jackson
666,drivers license,Slipknot3
667,Falling Apart,Florence + the Machine4
668,Black Lungs,David Bowie2
669,Lights Down,Imagine Dragons4
669,Remember,Genesis1
669,Fireworks,Starset
670,Lost (reimagined),Katy Perry1
671,Anchor,Bryan Adams
671,I Only Have Eyes For You,Justin Bieber1
672,Secrets,Justin Bieber3
672,Follow You,System Of A Down1
672,Don't Stop The Music,Dua Lipa3
673,Stronger,Crown The Empire2
674,Play That Funky Music,Zero Horizon1
674,Am I Wrong,EVE1
675,Somebody That I Used To Know,Marilyn Manson3
675,Kings and Queens,ZZ Top1
676,DIvision Symbols,Space2
676,White Rabbit,Guma
676,Alone,Rise Against4
677,No Twerk,Pink1
678,Talk to a Friend,Shakira
678,Dancing On Dangerous,Ghostemane1
679,Take My Breath,Nancy Ajram3
680,In Da Getto,Lady Gaga2
680,U + Ur Hand,Selena Gomez3
681,Wrecking Ball,Bob Dylan2
681,I Feel It Coming,Nelly Furtado1
681,Smells Like Teen Spirit,Blur4
682,You & I,Korn3
683,RED,Falling In Reverse4
683,Happy,Caskets2
684,Smells Like Teen Spirit,The Rolling Stones2
684,Manana,Johnny Cash1
685,My Way,Too Close To Touch3
685,Sunshine,Kiss4
685,rockstar,Halsey
686,Water fountain,ZZ Top
686,Oops,Linkin Park3
686,Indestructible,Blur3
687,In Da Getto,Lady Gaga2
687,Choose Me,Scorpions1
687,I Gotta Be Me,Twenty One Pilots3
688,Promises,Selena Gomez1
688,Deep End,Maroon 5
688,Can't Feel My Face,Kelly Clarkson2
689,Gyalis,The Offspring
689,Monster (reimagined),The Beach Boys3
689,I Only Have Eyes For You,Caskets3
690,If You Really Love Me (How Will I Know),Three Days Grace3
690,Industry Baby,Stay kids
691,Mona Lisa,Madonna4
691,Talamanca,Dayseeker1
692,Walking The Wire,Calvin Harris
693,Collard Greens,Beyonce
693,Lullaby,Arctic Monkeys4
694,Friday,Armin van Buuren
694,Believe Me,The Killers2
694,Butter,Haddaway3
695,Uno,Amy Winehouse3
695,Tesla,Justin Timberlake3
696,Need To Know,ZZ Top2
697,Hurricane,Limp Bizkit2
698,Animals,The Offspring1
698,No Friends In The Industry,My Chemical Romance
698,OMG,Dua Lipa4
699,Wid It,Minelli1
699,Woo Baby,Bruno Mars2
699,Am I Wrong,Kiss3
700,The Only One I Know,Avril Lavigne3
700,Everybody,Blackpink1
701,Wasted,Travis Scott
701,Wannabe,Michael Jackson4
702,Kissing Strangers,Annisokay3
703,Won't Get Fooled Again,Evanescence1
704,City Of Stars,The Cure3
704,Shivers,Perry Como1
704,Holding Me Down,Manowar3
705,Paparazzi,Elton John
706,Zombie,James Taylor2
707,The Sun,Neil Young1
707,Tesla,Shakira1
707,Bury a Lie,George Michael1
708,Bloodstream,Wildways1
708,AIN’T SO,Backstreet Boy3
708,Be Free,The World Alive3
709,La Grenade,Neil Young
709,Together,Machine Gun Kelly4
709,The Funeral,Placebo
710,LightHouse,Maroon 53
710,Excuses,Katy Perry2
711,Wasting My Youth,H.I.M2
712,Redemption,George Michael
712,Jealousy jealousy,Lara Fabian2
713,Whenever Wherever,K-Maro
714,Wid It,Calvin Harris1
714,To Better Days,Nightwish3
715,Lovely,Sia
715,Heavier,Backstreet Boy
716,Fantasy,Xcho3
716,Astronaut In The Ocean,Three Days Grace
717,Bury a Lie,George Michael1
717,Bloodstream,Linked Horizon3
717,Somewhere I Belong,Inna1
718,When You're Out,Beyonce2
718,I Hate Everything About You,Blur1
719,Ooh Wee,Oliver Tree3
719,2055,Placebo3
720,Happy,Sia1
720,Water fountain,ZZ Top
721,Kingston Town,The Beatles2
721,Mood Ring,Black Sabbath1
721,Wasted Love,Enrique Iglesias
722,When You're Out,Beyonce2
722,Chop Suey!,Bruce Springsteen3
722,Let's Groove,Skillet1
723,Kaikai Kitan,LP3
724,Falling Apart,Too Close To Touch2
724,Get Lucky,Britney Spears
725,Love (Sweet Love),Halsey1
726,Astronaut In The Ocean,Three Days Grace
726,Bad Romance,Falling In Reverse1
726,Harleys In Hawaii,The Beach Boys
727,Gangsta's paradise,Celine Dion
727,Zombie,Nightwish1
727,Bang Bang,Queen3
728,Seventh Heaven,Muse3
728,Choose Me,David Bowie4
728,Summer in the City,The Offspring2
729,Oops,A Day To Remember1
730,Oh My Darling,ZZ Top3
730,Leave Before You Love Me,Gorillaz1
730,Million To One,Sex Pistols1
731,Cursed,H.I.M1
731,Don't Go Yet,The Beatles3
732,Take Me Away,Scooter3
733,Throne,A-ha
734,Love All,Bruce Springsteen4
734,Dark Red,Three Days Grace1
734,Mood Ring,Reba McEntire2
735,Impossible,Crazy Frog3
735,Afterglow,Red Hot Chili Peppers2
735,Rampampam,Nerv3
736,Eagle,Amy Winehouse2
736,Ily,Ariana Grande3
736,Play That Funky Music,Editors2
737,Psycho,Jennifer Lopez3
738,Flashbacks,Haddaway
739,Why Do You Lie To Me,Avril Lavigne1
740,Rollin',Lil Peep2
740,Girl Like Me,Blur2
740,Leck,Starset4
741,Impossible,Måneskin
741,Lovely,Sia
742,Shape Of My Heart,Sam Smith
742,Ca Plane Pour Moi,Paramore
742,Hear My Voice,Scooter
743,Dreamin,Little Big2
743,Runaway,Rammstein
744,Monster (reimagined),Rise Against2
744,Ca Plane Pour Moi,Akon3
744,Be Free,Lian Ross2
745,Does Your Mother Know,Cardi B2
745,Psycho,Jennifer Lopez3
746,U + Ur Hand,Selena Gomez3
747,Tell Me Something Good (Mixed),Katy Perry
747,I Want It All,The Rasmus
747,Smells Like Teen Spirit,Blur4
748,AIN’T SO,The Smiths4
749,The Mission "M Is for Milla Mix",Evan Band1
749,Promises,Selena Gomez1
750,Wasted Love,Disturbed3
750,Sugar,Disturbed1
751,Secrets,Maroon 51
752,Yesterday,Akon1
752,Livin' In A World Without You,BURNOUT SYNDROMES2
753,The Mission "M Is for Milla Mix",Crown The Empire3
753,Turn Down For What,Christina Aguilera2
754,Diablo,Dayseeker2
754,Throne,A-ha
755,Come Together,Bob Dylan3
755,Wrecking Ball,Bob Dylan2
756,Save Your Tears,Aerosmith2
756,Fly Away,Iron Maiden3
756,Us,K-Maro3
757,Let Them Know,Gorillaz3
758,Fantasy,Jason Derulo3
758,Lost (reimagined),Paramore1
759,Girlfriend,Dayseeker3
759,Cursed,Måneskin3
760,Don't Shut Me Down,Calvin Harris3
761,Loving Is Easy,Нервы2
762,Take A Chance On Me,Our Last Night2
762,Fire In The Sky,Lil Nas X3
762,Choose Me,David Bowie4
763,Woo Baby,One Direction1
763,Firework,Jennifer Lopez2
763,All I Know So Far,George Strait4
764,Woman,Neil Young4
764,Found,The Rasmus2
764,Essence,Whitney Houston
765,In Your Eyes,Rammstein3
765,Choose Me,Evan Band
765,Believer,I Prevail
766,I Only Have Eyes For You,Bad Omens
766,My Way,The Cure4
767,Happier,Lil Peep3
767,Holding Me Down,Manowar3
767,Ooh Wee,Oliver Tree3
768,Kings and Queens,Lian Ross
768,Take A Chance On Me,Thosand Below
768,Forgotten,She Wants Revenge1
769,Another love,Jennifer Lopez4
769,Dreamin,Little Big2
769,OMG,I See Stars4
770,Fly Away,Linked Horizon2
771,Choose Me,Jason Derulo1
771,Save Your Tears,Skillet4
772,Strange Effect,Sade3
773,Collard Greens,Beyonce
773,TRASH CANDY,Ghostemane2
773,Alors On Danse,Elton John1
774,Lost in Echoes,Scooter2
775,Woo Baby,Sia2
775,Heavier,Arcaeus
776,Glory Box,Lian Ross3
776,Blame,Eric Clapton1
777,Monster (reimagined),Rise Against2
777,Redemption,George Michael
777,When You're Out,The Weeknd2
778,My Head and My Heart,Stray Kids2
778,Conga,One Direction
779,Holding Me Down,The Neighbourhood1
780,She's Wild,Akcent
781,Another love,Rod Stewart2
781,Cure (reimagined),Crazy Frog1
782,No Love (feat. Lil Wayne),Scorpions2
783,Runaway,Backstreet Boy2
784,Power,Anastacia
785,I Only Have Eyes For You,Justin Bieber1
785,Throne,UVERworld
785,Sad Song,Enya1
786,Cover Me In Sunshine,Oasis2
787,Jalebi Baby,Shakira2
787,Follow You,Black Eyed Peas1
787,Just for me,Celine Dion2
788,Let Them Know,Armin van Buuren1
789,LightHouse,Maroon 53
789,Dreamin,Twenty One Pilots1
789,Take You Dancing,LP2
790,U + Ur Hand,Ariana Grande
791,Dreamin,Little Big2
791,Mood Ring,Black Sabbath1
791,Cursed,Iron Maiden1
792,Smells Like Teen Spirit,Blur4
793,Whenever Wherever,K-Maro
794,Take My Breath,Nancy Ajram3
795,Cure (reimagined),Depeche Mode2
795,Conga,Ariana Grande1
795,Little Bit of Love,FEVER331
796,Indestructible,Blur3
797,Call 911,Dj Aligator1
797,Ca Plane Pour Moi,Akon3
798,Lying In The Sunshine,Myriam Fares
798,Believe Me,The Killers2
798,Fly Away,Linked Horizon2
799,Lovefool,Harry Styles4
799,Summer Of Love,The Offspring3
799,Believe Me,Sade1
800,On My Own,James Taylor3
801,Ben,System of a Down3
801,Ways To Disappear,Neil Young2
802,Time of Dying,Madonna2
803,Falling,The Neighbourhood
804,In Da Getto,Lady Gaga2
805,Heavier,Annisokay4
806,Zombie,Elton John2
806,I Hate Everything About You,Rihanna3
806,Cover Me In Sunshine,Friday Night
807,Youth,Harry Styles1
808,You for Me,Nirvana1
809,Manana,Our Last Night3
809,Sex Machine,Britney Spears2
809,Understand Your Man,A-ha3
810,Hall of Fame,Paramore2
811,Fall Down,Plazma2
811,Somewhere Only We Know,A-ha2
811,Love (Sweet Love),Sting
812,Runaway,Harry Styles3
812,Impossible,AC/DC3
813,Love All,Bruce Springsteen4
814,Chemical,Bring Me The Horizon
814,Hall of Fame,Paramore2
814,Throne,Jason Derulo
815,Monster (reimagined),Benny Benassi3
816,Chalk Outline,Fall Out Boy
816,Ily,Cardi B3
816,Nirvana,The Smiths1
817,Just Like Fire,Hollywood Undead3
817,The Business,Caskets1
817,Love Tonight,George Michael3
818,Black Lungs,Cardi B4
818,No Twerk,Blackpink4
819,Story of My Life,Van Morrison3
820,Somewhere Only We Know,Travis Scott2
820,Anchor,Bryan Adams
820,Don't Speak,The Cure
821,My Life Is Going On,My Chemical Romance2
822,I GUESS I'M IN LOVE,Doja Cat2
823,Footprints,Justin Bieber
823,Take A Chance On Me,Thosand Below
823,Fireworks,Starset
824,Witch,The World Alive2
825,Footprints,Inna2
826,If You Really Love Me (How Will I Know),Three Days Grace3
827,Manana,Our Last Night3
827,Uno,Ava Max1
827,Cover Me In Sunshine,Rammstein2
828,Be Free,Genesis3
829,Time of Dying,Madonna2
829,On My Own,James Taylor3
829,Falling Apart,Coldplay3
830,Black Lungs,David Bowie2
830,Bloodstream,Wildways1
830,Ily,Cardi B3
831,No Twerk,Bad Omens1
831,Borrowed Time,Manowar
831,Wrecked,Imagine Dragons
832,Lost (reimagined),Paramore1
833,Who's They,Prince2
834,Understand Your Man,Anastacia2
835,This Is Where It Ends,Van Morrison4
835,No Friends In The Industry,The Rasmus3
836,Glory Box,Lian Ross3
836,Midnight City,Dayseeker
836,Can't Feel My Face,Kelly Clarkson2
837,Animals,Netta3
838,Chemical,Iron Maiden
838,Turn Down For What,Christina Aguilera2
838,Don't be so shy,Pink
839,Believer,Depeche Mode1
840,I Gotta Be Me,H.I.M
841,Somewhere Only We Know,The Clash2
841,Pain,Нервы1
842,You Don't Fool Me,Too Close To Touch
842,Just Like Fire,Rafet El Roman1
843,traitor,I See Stars
843,love nwantiti,Jennifer Lopez
844,Cut Me Loose,Ice Mc2
845,Cover Me In Sunshine,Rammstein2
845,Flashbacks,Haddaway
846,Techno Disco,Rihanna2
846,Seventeen Going Under,Guns N' Roses1
847,Blinding Lights,Perry Como3
848,Mamacita,Fall Out Boy4
849,Wrecking Ball,Pitbull
850,Little Bit of Love,DMX
850,Does Your Mother Know,Stray Kids1
850,Blinding Lights,Three Days Grace2
851,Sex Machine,Madonna3
851,Friday,The Rolling Stones
851,Wrecked,David Guetta3
852,Lights Down,Limp Bizkit
853,Uptown Funk,Elton John3
854,Tesla,Justin Timberlake3
854,One Step Closer,FEVER333
855,Let's Groove,Skillet1
855,Ben,Crown The Empire
856,Sex Machine,Rihanna1
856,Angels Lullaby,Korn
856,Happy,Sia1
857,Astronaut In The Ocean,Three Days Grace
857,She's Wild,Akcent
857,Sympathy For The Devil,Sex Pistols2
858,Happier,Lil Peep3
859,In the End,Stray Kids
859,Come Together,Bob Dylan3
860,Kings and Queens,Sade
860,Be Free,Nickelback1
861,Uno,Sting2
862,All Star,Travis Scott1
862,3 to 1,System Of A Down2
863,Woo Baby,Normandie3
863,Essence,Backstreet Boy1
864,Visiting Hours,Picturesque
864,Someone,She Wants Revenge2
865,Pain,Нервы1
865,Million To One,Xcho
865,Bloodstream,Asking Alexandria2
866,Numb,I Prevail4
867,Everybody,Blackpink1
867,Dancing Queen,Snoop Dogg
867,Remember,Genesis1
868,Bleed It Out,Placebo1
869,If You Really Love Me (How Will I Know),The Killers
870,Runaway With It,Beyonce4
870,Girls Want Girls,All Time Low3
870,You for Me,50 Cent3
871,Risk It All,Asking Alexandria
871,Jealousy jealousy,Cardi B
871,Some Say,Hands Like Houses2
872,Diablo,Dayseeker2
873,Heat Waves,Muse2
873,Little Bit of Love,DMX
873,Blame,A-ha1
874,Save Your Tears,Валерий Меладзе3
874,Somewhere Only We Know,Justin Bieber2
874,Footprints,Inna2
875,Fake I.D,Fall Out Boy3
875,Summer in the City,All Time Low1
876,Walking The Wire,Bryan Adams1
876,Cake By The Ocean,Royal Blood3
877,Bleed It Out,Placebo1
877,Heavier,Annisokay4
877,Carnival of Rust,The Rolling Stones4
878,Fly Away,Linked Horizon2
878,Habits,Elvis Presley2
878,Holding Me Down,Manowar3
879,Seven Nation Army,Crown The Empire4
880,Don't Be Shy,Arctic Monkeys
881,Don't Shut Me Down,Calvin Harris3
881,Take Me Away,Scooter3
881,Touch OFF,Armin van Buuren3
882,By Your Side,Deep Purple1
882,Techno Disco,BTS2
883,Another love,BURNOUT SYNDROMES
884,Alors On Danse,Panic! At The Disco4
884,Heartbreak Anthem,Ed Sheeran2
884,Over and Over,Nirvana3
885,Lying In The Sunshine,Linkin Park1
886,My Way,BTS3
886,Angels Lullaby,Korn
887,You & I,Korn3
887,Badala Zamana,Red Hot Chili Peppers1
887,Save Your Tears,Skillet4
888,My Life Is Going On,My Chemical Romance2
888,Obsessed With You,Alice Cooper
888,Techno Disco,Rihanna2
889,Cure (reimagined),Xcho2
890,Devil town,BURNOUT SYNDROMES3
891,Lying In The Sunshine,A Day To Remember3
891,Who's They,Oasis1
891,Girls Want Girls,All Time Low3
892,Fly Away,Linked Horizon2
893,Uno,Myriam Fares2
893,Heavier,Queen
894,Forgotten,Gorillaz
894,My Way,Too Close To Touch3
894,Little Bit of Love,Dust
895,Strange Effect,Sade3
896,Drive,Minelli3
896,In Da Getto,The Killers1
897,Uno,Myriam Fares2
898,Sunshine,Kiss4
898,I'm Gonna Be (500 Miles),Blur
899,I Still Have Faith In You,Rafet El Roman
900,Carnival of Rust,The Rolling Stones4
900,Chalk Outline,Bruce Springsteen2
901,Falling Apart,Too Close To Touch2
901,Witch Hunt,Nataliya
901,Little Bit of Love,Museum
902,Kaikai Kitan,Powerwolf1
903,Moustache,Pink2
904,Uno,Rafet El Roman2
904,Footprints,Justin Bieber
904,Take Me Away,Scooter3
905,Don't be so shy,Pink
906,Idfc,Turbotronic3
906,Don't Shut Me Down,Calvin Harris3
907,Happy,Black Eyed Peas3
907,Lovefool,Harry Styles4
907,Girl Like Me,Dava3
908,Another love,Jennifer Lopez4
909,Bloodstream,Wildways1
909,OMG,Dua Lipa4
909,Am I Wrong,EVE1
910,Don't be so shy,Minelli
911,Forgotten,Валерий Меладзе2
911,Lullaby,Arctic Monkeys4
912,I Feel It Coming,Nelly Furtado1
912,With You,Britney Spears1
912,Seven Wonders,50 Cent1
913,Don't Shut Me Down,Elvis Presley4
913,Carnival of Rust,Fall Out Boy2
914,Kings and Queens,Sade
914,Girls Want Girls,All Time Low3
914,Heat Waves,Little Big1
915,AIN’T SO,Bruno Mars
916,Fake I.D,Ed Sheeran1
916,Throne,Jason Derulo
917,Falling,Lil Nas X
918,Little Bit of Love,DMX
918,Found,The Rasmus2
919,Prayers,Reba McEntire3
919,Kings and Queens,Sade
920,Just for me,My Chemical Romance1
921,Take My Breath,Nerv2
921,I Don't Want You,Alizee1
921,Time of Dying,Picturesque2
922,Nirvana,Maroon 52
922,Sugar,Disturbed1
923,Choose Me,Evan Band
924,Survival,Arctic Monkeys1
924,Hear My Voice,Scooter
925,ocean view,Gorillaz4
925,Empty Thoughts,Shakira3
926,Witch Hunt,Nataliya
926,Remember,Paramore3
927,LightHouse,AC/DC1
927,Build a Bitch,Imany
928,I'm a Pop,Rise Against1
929,Techno Disco,Editors
929,Throne,UVERworld
929,Habits,Imagine Dragons2
930,Follow You,I Prevail1
931,Shape Of My Heart,Sam Smith
931,DIvision Symbols,Space2
931,Empty Thoughts,Shakira3
932,Kingston Town,Gorillaz2
932,You & I,Korn3
933,I GUESS I'M IN LOVE,Enter Shikari
934,Impossible,Crazy Frog3
934,Cursed,Bruce Springsteen
935,Remember,Paramore3
935,Don't Shut Me Down,Elvis Presley4
936,Take My Breath,Plazma1
936,No Friends In The Industry,My Chemical Romance
937,In The Shadows,Lisa3
937,Dreamin,Twenty One Pilots1
938,Summer in the City,The Offspring2
938,Someone,EVE
938,Who's They,AC/DC4
939,Don't Be Shy,Hurts3
939,I Miss the Misery,Hollywood Undead4
940,Cure (reimagined),Crazy Frog1
940,Gyalis,The Offspring
941,Strange Effect,Sade3
941,Summertime Shootout,Picturesque3
941,First In Line,The Rasmus1
942,Let Them Know,Armin van Buuren1
943,By Your Side,Deep Purple1
944,Witch Hunt,Crown The Empire1
944,Diego,Aerosmith1
945,Dreamin,Twenty One Pilots1
945,One Step Closer,Annisokay2
946,Falling,She Wants Revenge3
946,Witch Hunt,Crown The Empire1
946,Mamacita,H.I.M3
947,Seventh Heaven,Benny Benassi2
947,On The Ground,Moby3
947,AIN’T SO,The Smiths4
948,Falling,Sarah Brightman
948,Human,Mustafa Sandal3
948,Leave Before You Love Me,Gorillaz1
949,Anchor,Ava Max
949,Monster (reimagined),Rise Against2
949,Born To Be Yours,Sting3
950,Take My Breath,The Beach Boys2
951,Prayers,Валерий Меладзе
952,Borrowed Time,Manowar
953,Wrecking Ball,Justin Timberlake
953,Love All,Linkin Park
953,Another love,The Clash3
954,This Is Where It Ends,Muse1
954,Seven Wonders,50 Cent1
955,No Twerk,Pink1
956,Be Free,Nickelback1
956,Ben,Crown The Empire
956,Lovely,Sia
957,Like I Do,The Clash4
958,Footprints,Inna2
959,Don't be so shy,Asking Alexandria3
960,Astronaut In The Ocean,Three Days Grace
960,Believe Me,The Killers2
960,INDUSTRY BABY,Lady Gaga1
961,Somewhere Only We Know,Black Sabbath
961,love nwantiti,Jennifer Lopez
962,Forgotten,James Taylor1
963,Gyalis,Dj Aligator2
964,Way 2 Sexy,Jony
964,Another love,Rod Stewart2
965,Wannabe,Nelly Furtado
965,Found,The Rasmus2
966,Call Out My Name,Slaves
966,I GUESS I'M IN LOVE,Enter Shikari
966,Seventh Heaven,ATB1
967,I Gotta Be Me,Twenty One Pilots3
967,Techno Disco,Editors
967,Psycho,Jennifer Lopez3
968,Take A Chance On Me,Thosand Below
969,BURN IT DOWN,Scorpions
969,Butter,Haddaway3
969,Morrow,Starset3
970,Don't Break the Heart,Kelly Clarkson3
970,Never Going Home,Scorpions4
970,Space Melody,Ariana Grande2
971,Eye Opener,Our Last Night4
972,Bury a Lie,Inna
972,Turn Down For What,Alice Cooper1
973,4 To The Floor,Oliver Tree1
973,I'm Gonna Be (500 Miles),Måneskin1
974,Cursed,Iron Maiden1
974,ocean view,The World Alive1
975,I Want It All,The Rasmus
976,Pain,Нервы1
976,Livin' In A World Without You,BURNOUT SYNDROMES2
977,Sex Machine,Rihanna1
977,Fireworks,Morgernshtern2
978,Ben,Crown The Empire
978,Over and Over,Florence + the Machine1
978,Wrecked,David Guetta3
979,Don't Shut Me Down,Calvin Harris3
979,First In Line,XXXTentacion1
980,Dynamite,Coldplay
980,Ghost Like You,Black Veil Brides
980,Badala Zamana,Blackpink
981,Million To One,Xcho
981,Dirty Hands (Gone Mad),Moby1
982,Blame,The Beatles4
983,Give It Away,Arash2
983,You Could Be,Deep Purple
983,Pump Up The Jam,Moby2
984,Runaway,Backstreet Boy2
985,Reason Living,Rihanna
985,drivers license,Fozzy
986,Throne,A-ha
986,Like I Do,The Clash4
986,Don't shut me down,Thosand Below2
987,Now I Know,Nataliya1
988,Rumors,The Neighbourhood4
988,Holding Me Down,Ozzy Osbourne3
989,Girls Want Girls,All Time Low3
989,Fireworks,Annisokay1
990,Unstoppable,Johnny Cash4
991,Every Time You Turn Around,Evan Band2
991,Chalk Outline,Bruce Springsteen2
992,Forgotten,James Taylor1
992,Time of Dying,Madonna2
992,Clearly,A Day To Remember2
993,3 to 1,Coldplay1
993,Cut Me Loose,Enrique Iglesias1
993,2055,Placebo3
994,Sleep,System Of A Down3
994,2055,Placebo3
994,Diego,Evanescence2
995,Glory Box,Lian Ross3
995,Somebody That I Used To Know,Marilyn Manson3
995,Like I Do,Hurts1
996,Strange Effect,Sade3
997,Nirvana,The Smiths1
997,I Gotta Be Me,LP
997,Excuses,UVERworld1
998,Mamacita,Era2
999,Lights Down,Limp Bizkit
999,Don't Stop The Music,Dua Lipa3
999,Hall of Fame,Paramore2
1000,Loving Is Easy,P!nk4
