Elvis Presley,indie pop,36898122,@Elvis Presley,Riot,Get You Down
Elton John,jazz,43304879,@Elton John,Get Lucky,I Still Have Faith In You
Bob Dylan,rock,41187738,@Bob Dylan,Dynamite,AIN’T SO
The Beatles,indie pop,40436484,@The Beatles,Who's They,Mad About Bars
Eric Clapton,r&b,22792316,@Eric Clapton,Be Free,Human
Queen,pop rap,55279580,@Queen,Visiting Hours,Leave Before You Love Me
Rod Stewart,hip hop,45033552,@Rod Stewart,Just Like Fire,The Fear
Johnny Cash,heavy metal,48924437,@Johnny Cash,Diablo,Creep
Van Morrison,punk rock,9423825,@Van Morrison,VIVID VICE,The Windmills Of Your Mind
The Beach Boys,punk rock,72028152,@The Beach Boys,Goosebumps,We Can Come Together
Prince,gospel music,54485969,@Prince,better,Secrets
Bruce Springsteen,heavy metal,2316606,@Bruce Springsteen,Mood Ring,Surviving The Game
The Rolling Stones,raggae,73425089,@The Rolling Stones,We Can Come Together,I WANT YOU BACK
Perry Como,rave,96910308,@Perry Como,Summertime Sadness,Stupid Feelings
AC/DC,hip hop,17923608,@AC/DC,Dakiti,Techno Disco
George Strait,glam rock,1754222,@George Strait,Somewhere Only We Know,I Wanna Be Your Slave
David Bowie,pop rap,64257006,@David Bowie,SOS,Does Your Mother Know
Aerosmith,country,80772989,@Aerosmith,Just Like Fire,Whenever Wherever
Sarah Brightman,indie pop,32779641,@Sarah Brightman,I Still Have Faith In You,better
Reba McEntire,rap rock,67148687,@Reba McEntire,The Sun,Sleep
Michael Jackson,pop rap,51898733,@Michael Jackson,Stay,Promises
Eminem,folk,75601834,@Eminem,The Sun,Billie (Loving Arms)
James Taylor,k-pop,11188380,@James Taylor,Call Out My Name,Techno Disco
Madonna,rap,28916513,@Madonna,Save Your Tears,Experience
The Clash,trap,61442182,@The Clash,Risk It All,Animals
Kris Kristofferson,rock,42672991,@Kris Kristofferson,Industry Baby,Kings and Queens
Alice Cooper,raggae,8141653,@Alice Cooper,I GUESS I'M IN LOVE,City Of Stars
Kiss,glam rock,46015578,@Kiss,Love (Sweet Love),Your Love (9Pm)
Neil Young,hard rock,12772657,@Neil Young,Shivers,I Want It All
Starset,classic rock,1150628,@Starset,Whenever You're Ready (Acoustic),VIVID VICE
Dua Lipa,k-pop,90724661,@Dua Lipa,I Hate Everything About You,We Can Come Together
Normandie,pop,93631618,@Normandie,Fuck That,Happy
Linked Horizon,hard rock,24326004,@Linked Horizon,I Miss the Misery,Freaks
Muse,punk rock,37814872,@Muse,The Magic Key,Mamacita
Coldplay,k-pop,86695498,@Coldplay,Someone You Loved,Diablo
Paramore,folk,33234608,@Paramore,When My Blue Moon Turns To Gold Again,Holding Me Down
Bring Me The Horizon,rap rock,87958327,@Bring Me The Horizon,Surviving The Game,Monster (reimagined)
Cardi B,funk,1592508,@Cardi B,Ghost Like You,Save Your Tears
Oasis,metal,6284693,@Oasis,By Myself,Obsessed With You
Black Sabbath,indie pop,87598118,@Black Sabbath,Cover Me In Sunshine,Don't Shut Me Down
Blur,country,6329307,@Blur,Kiss Me More,Uptown Funk
Arctic Monkeys,latin music,36711837,@Arctic Monkeys,Boyz N Da Club,No Love (feat. Lil Wayne)
The Smiths,pop rap,24707467,@The Smiths,You for Me,Everything Fades
The Cure,punk rock,11330405,@The Cure,Stronger,My Head and My Heart
Depeche Mode,pop,90358771,@Depeche Mode,Does Your Mother Know,Black Lungs
Placebo,rap,50237745,@Placebo,Afterglow,Cursed
One Direction,classic rock,69221327,@One Direction,Remember,Head & Heart
Harry Styles,rap,58939705,@Harry Styles,Somewhere Only We Know,The Magic Key
Machine Gun Kelly,folk,29514007,@Machine Gun Kelly,Born To Be Yours,Don't Be Shy
The Prodigy,rave,77275295,@The Prodigy,Breathe,Leck
BTS,gospel music,24926455,@BTS,City Of Stars,Papercut
Blackpink,heavy metal,38616954,@Blackpink,Rolling In The Deep,Collard Greens
Deep Purple,glam rock,91643951,@Deep Purple,Animal I Have Become,The Sun
Gorillaz,metal,46451347,@Gorillaz,Redemption,Call 911
Christina Aguilera,hard rock,12393878,@Christina Aguilera,Bury a Lie,Million To One
Britney Spears,indie pop,68001957,@Britney Spears,Iron,To Better Days
Editors,classic rock,49910994,@Editors,Painkiller,In The End
Our Last Night,rap rock,65485747,@Our Last Night,Bring Me To Life,About You Now
Sex Pistols,rock,66022212,@Sex Pistols,Walking The Wire,Hurricane
The Killers,rap,52568874,@The Killers,Another love,Dancing On Dangerous
Florence + the Machine,country,31341069,@Florence + the Machine,Heartbreak Anthem,Falling Apart
Amy Winehouse,alternative rock,51717278,@Amy Winehouse,drivers license,Kaikai Kitan
Sia,latin music,29293211,@Sia,DJ Got Us Fallin' In Love,My Way
P!nk,glam rock,62714270,@P!nk,Afterglow,LightHouse
Genesis,r&b,58370588,@Genesis,Animals,Bury a Lie
Beyonce,raggae,87816231,@Beyonce,Blinding Lights,BED
Kelly Clarkson,pop,12583228,@Kelly Clarkson,Leather And Lace,Happy
Enter Shikari,pop rap,1447610,@Enter Shikari,FLY HIGH!!!,Fantasy
Black Veil Brides,rap,27210980,@Black Veil Brides,Like I Do,By Your Side
Skillet,funk,13469273,@Skillet,Lying In The Sunshine,By Your Side
The Neighbourhood,classic rock,83558214,@The Neighbourhood,Can't Stop,Friday I’m In Love
Shakira,trap,90023740,@Shakira,Signs (reimagined),Oops
Fall Out Boy,punk rock,94493872,@Fall Out Boy,Love Me Tender,Tell Me Something Good (Mixed)
Panic! At The Disco,rock,52443071,@Panic! At The Disco,Somewhere I Belong,If You Ever Leave I'm Coming with You
I See Stars,rock,95988059,@I See Stars,Glory Box,Does Your Mother Know
Caskets,glam rock,22158777,@Caskets,Billie (Loving Arms),Wasted Love
Scorpions,rap rock,95086353,@Scorpions,Wasted Love,Habits
System Of A Down,raggae,80055221,@System Of A Down,Believer,You & I
Zero Horizon,pop rock,70440067,@Zero Horizon,Harleys In Hawaii,Get You Down
All Time Low,latin music,90958547,@All Time Low,Better Days,The Fear
Imagine Dragons,alternative rock,91392293,@Imagine Dragons,found & lost,Drive
Annisokay,hard rock,96041204,@Annisokay,She's Wild,Love On The Brain
Hollywood Undead,pop rap,19535303,@Hollywood Undead,TRASH CANDY,RED
A Day To Remember,trap,31402421,@A Day To Remember,Seventeen Going Under,What About Us
Rise Against,hard rock,5502170,@Rise Against,Faint,Bring Me To Life
I Prevail,k-pop,83410402,@I Prevail,Give It Away,My Head and My Heart
Falling In Reverse,rap rock,33281304,@Falling In Reverse,Throne,The Business
My Chemical Romance,trap,62307925,@My Chemical Romance,Kokomo,Animal I Have Become
Crown The Empire,hard rock,38467526,@Crown The Empire,Don't Shut Me Down,Midnight City
Bad Omens,gospel music,4091386,@Bad Omens,Love Or Lust,Always On My Mind
Royal Blood,classic rock,18858625,@Royal Blood,Harleys In Hawaii,I Only Have Eyes For You
Wildways,rap,45709606,@Wildways,Summer in the City,Violent Pornography
Slaves,electro music,97885156,@Slaves,SOS,Levitating
FEVER33,funk,74296341,@FEVER33,The Business,All I Know So Far
Нервы,country,53169904,@Нервы,Kiss Me More,Summer Of Love
Валерий Меладзе,classical music,2089581,@Валерий Меладзе,VIVID VICE,My Life Is Going On
Lana Del Ray,electro music,91274878,@Lana Del Ray,Butter,Beautiful Madness
Linkin Park,metalcore,15537186,@Linkin Park,love nwantiti,Imagine
Arash,rock,44181419,@Arash,My Way,Faint
Enrique Iglesias,pop rock,29973680,@Enrique Iglesias,Footprints,Touch OFF
Sting,folk,13283839,@Sting,Follow You,Choose Me
Inna,hard rock,44631507,@Inna,Woman,Just for me
Rihanna,funk,12708126,@Rihanna,What I've Done,Weekend
Scooter,alternative rock,21474911,@Scooter,Drive,Sweet Dreams
Stray Kids,classical music,79620721,@Stray Kids,Can't Stop,Won't Get Fooled Again
Måneskin,alternative rock,40330722,@Måneskin,When My Blue Moon Turns To Gold Again,Diego
Slipknot,trap,41075063,@Slipknot,One Step Closer,Love Me Tender
50 Cent,rap,56474358,@50 Cent,Bloodstream,Seven Nation Army
Celine Dion,raggae,2874443,@Celine Dion,Another love,Play That Funky Music
Minelli,gospel music,38858694,@Minelli,Now I Know,Youth
Evanescence,k-pop,23210148,@Evanescence,Need You Now,Slepptalk
The Weeknd,alternative rock,50061844,@The Weeknd,Ways To Disappear,Anchor
The Offspring,hip hop,93852656,@The Offspring,Signs (reimagined),Cake By The Ocean
Nirvana,electro music,98117379,@Nirvana,Idfc,I Miss the Misery
Akcent,k-pop,36113046,@Akcent,One Step Closer,Kissing Strangers
Lara Fabian,latin music,18449667,@Lara Fabian,Losing My Mind,Good Girls
K-Maro,folk,10453410,@K-Maro,Dusk Till Dawn,In The End
The Rasmus,funk,76824341,@The Rasmus,Get Lucky,I'm a Pop
Disturbed,classic rock,73001251,@Disturbed,Young Folks,Borrowed Time
Ava Max,rap,42120886,@Ava Max,Better Days,Just Like Fire
Pink,k-pop,61259980,@Pink,Need To Know,You & I
Lil Nas X,gospel music,45519720,@Lil Nas X,Friday I’m In Love,Need To Know
Lady Gaga,raggae,19675442,@Lady Gaga,Devil town,Chemical
Nickelback,jazz,94913460,@Nickelback,Seventh Heaven,Promises
ATB,funk,74183490,@ATB,Story of My Life,Summertime Sadness
David Guetta,indie pop,47144987,@David Guetta,Fall Down,Love Or Lust
Rammstein,pop,57255769,@Rammstein,Cursed,Borrowed Time
Alizee,glam rock,7678372,@Alizee,I Want You,Sympathy
Pitbull,latin music,87744206,@Pitbull,SOS,Lost (reimagined)
Twenty One Pilots,rap rock,21496591,@Twenty One Pilots,Alone,Water fountain
Bryan Adams,classical music,55412018,@Bryan Adams,Kiss My (Uh Oh),OUT OUT
Selena Gomez,funk,20516829,@Selena Gomez,Leck,Cake By The Ocean
Doja Cat,pop,65087383,@Doja Cat,She Knows,What I've Done
Whitney Houston,indie pop,9952209,@Whitney Houston,Leather And Lace,Ca Plane Pour Moi
Dj Aligator,glam rock,54273271,@Dj Aligator,BURN IT DOWN,Bad Romance
Sade,disco,22027116,@Sade,Midnight City,Take me to church
Three Days Grace,rap rock,2036068,@Three Days Grace,Fantasy,Animal I Have Become
Ghostemane,r&b,18009499,@Ghostemane,Seven Nation Army,Love Tonight
Ed Sheeran,rave,96612914,@Ed Sheeran,Where Is The Love?,Obsessed With You
Justin Timberlake,heavy metal,8474439,@Justin Timberlake,Lost in Echoes,Violent Pornography
Ariana Grande,k-pop,4698073,@Ariana Grande,Body Moves,Footprints
Oliver Tree,raggae,53299262,@Oliver Tree,Wasted Love,Wid It
Akon,metalcore,27479967,@Akon,I'm a Pop,Ghost Like You
Moby,indie pop,41523002,@Moby,Don't be so shy,Someone
Iron Maiden,gospel music,96602183,@Iron Maiden,Ich hasse Kinder,Carnival of Rust
Ozzy Osbourne,pop,22240160,@Ozzy Osbourne,Leck,Everybody
LP,electro music,10265236,@LP,Gone Forever,Should I Stay Or Should I Go
Mustafa Sandal,punk rock,26995736,@Mustafa Sandal,Prayers,Children
DMX,heavy metal,84340285,@DMX,Rampampam,Freed From Desire
Bon Jovi,trap,15816691,@Bon Jovi,Surviving The Game,I Wanna Be Your Slave
Powerwolf,jazz,82180496,@Powerwolf,DJ Got Us Fallin' In Love,Rollin'
Manowar,r&b,50522964,@Manowar,Sympathy,Animals
Armin van Buuren,rap,22012988,@Armin van Buuren,Shape Of My Heart,Endless Love
Red Hot Chili Peppers,country,9165392,@Red Hot Chili Peppers,Clash,Talk to a Friend
Guns N' Roses,classic rock,82389786,@Guns N' Roses,Sweet Dreams,Sex Machine
Backstreet Boy,alternative rock,22156114,@Backstreet Boy,Drive,Ca Plane Pour Moi
Era,rock,93850511,@Era,Visiting Hours,Excuses
Hurts,rock,79925880,@Hurts,Are You Lonesome Tonight?,Pain
Snoop Dogg,pop rock,57900362,@Snoop Dogg,Summer Of Love,Love All
Plazma,classical music,66280639,@Plazma,Wasted Love,Born To Be Yours
Limp Bizkit,pop rock,25267762,@Limp Bizkit,Witch,Love All
XXXTentacion,pop rap,83867143,@XXXTentacion,You & I,Always On My Mind
Lian Ross,rap,59094621,@Lian Ross,Runaway,Let's Love
Crazy Frog,classical music,6052111,@Crazy Frog,Prayers,Follow You
Maroon 5,pop rock,92036644,@Maroon 5,Diego,Hometown Glory
Jennifer Lopez,gospel music,59955026,@Jennifer Lopez,Woo Baby,better
Benny Benassi,disco,61254504,@Benny Benassi,Somewhere Only We Know,Aerials
Justin Bieber,alternative rock,74388840,@Justin Bieber,End Of Me,Petite
Avril Lavigne,r&b,46779646,@Avril Lavigne,Freaks,I Love You I Hate You
Myriam Fares,classic rock,51980078,@Myriam Fares,My Head and My Heart,Take me to church
Imany,rap,6680984,@Imany,Love Or Lust,Astronaut In The Ocean
Nightwish,hip hop,51442917,@Nightwish,Dirty Hands (Gone Mad),Risk It All
Korn,punk rock,13749612,@Korn,willow,Badala Zamana
Nancy Ajram,heavy metal,52711885,@Nancy Ajram,Badala Zamana,Yesterday
Katy Perry,k-pop,31259550,@Katy Perry,Some Say,I Love You I Hate You
Haddaway,country,20229213,@Haddaway,Pain,Lost (reimagined)
George Michael,heavy metal,28027066,@George Michael,Paradise,Let Them Know
Ice Mc,classical music,71184782,@Ice Mc,Black Lungs,Lullaby
Evan Band,punk rock,96952466,@Evan Band,Sympathy,Atlas Falls
Bruno Mars,latin music,51984097,@Bruno Mars,Follow You,Painkiller
Space,hip hop,73438475,@Space,Sad Song,Love The Way You Lie (feat. Rihanna)
Dava,disco,79445378,@Dava,I Love You Always Forever,A Million On My Soul
Halsey,pop,61564909,@Halsey,Love Tonight,Everybody
Lil Peep,rave,60592594,@Lil Peep,By Myself,Sunshine
Travis Scott,rap rock,25361441,@Travis Scott,Billie (Loving Arms),Rolling In The Deep
Xcho,hip hop,47310769,@Xcho,TRASH CANDY,Summertime Sadness
Black Eyed Peas,funk,69740351,@Black Eyed Peas,Ben,Circus
System of a Down,r&b,49877979,@System of a Down,Essence,Where Is The Love?
Escape,trap,10116973,@Escape,Shum,found & lost
Jason Derulo,pop rap,48501977,@Jason Derulo,To Better Days,Before I Cave In
Nataliya,country,811798,@Nataliya,Kokomo,Cover Me In Sunshine
ZZ Top,jazz,25036744,@ZZ Top,Meet Me At Our Spot,Bleeding Out
Rafet El Roman,pop rock,15265638,@Rafet El Roman,Kissing Strangers,How Can I Make It OK?
Enya,rap rock,6741281,@Enya,The Only One I Know,Mood Ring
Nelly Furtado,trap,80095559,@Nelly Furtado,Diego,What I've Done
Marilyn Manson,classic rock,41662525,@Marilyn Manson,Love Tonight,Kokomo
H.I.M,pop,90735767,@H.I.M,Ghost Like You,Bleed It Out
Calvin Harris,alternative rock,37086898,@Calvin Harris,BED,In Da Getto
Anastacia,raggae,92518029,@Anastacia,Take me to church,Toxicity
Turbotronic,funk,11644010,@Turbotronic,Summer in the City,I Want It All
Judas Priest,heavy metal,74831871,@Judas Priest,My Head and My Heart,On My Own
A-ha,r&b,19333258,@A-ha,Together,Risk It All
Morgernshtern,indie pop,14332031,@Morgernshtern,Blame,A Million On My Soul
EVE,indie pop,37686280,@EVE,Fire In The Sky,You Could Be
Lisa,metal,84547677,@Lisa,Save Your Tears,Butter
Asking Alexandria,pop rap,34850998,@Asking Alexandria,Don't Be Shy,Wid It
Hands Like Houses,rap rock,40929026,@Hands Like Houses,My Heart Goes (La Di Da),Love Tonight
Netta,classical music,7799880,@Netta,Call Out My Name,willow
Little Big,jazz,53603622,@Little Big,You & I,Creep
She Wants Revenge,disco,17672950,@She Wants Revenge,Fuel To Fire,On My Own
Dayseeker,electro music,5796376,@Dayseeker,better,Water fountain
Too Close To Touch,pop rock,46780602,@Too Close To Touch,Weekend,How Can I Make It OK?
Nerv,gospel music,46899051,@Nerv,Love On The Brain,Wrecking Ball
Glass Tides,classical music,27328737,@Glass Tides,Fountains,Late At Night
Picturesque,k-pop,17181595,@Picturesque,Head & Heart,Take A Chance On Me
The World Alive,trap,10504005,@The World Alive,Love The Way You Lie (feat. Rihanna),Dreamin
Thosand Below,k-pop,66291686,@Thosand Below,Strange Effect,Ghost Like You
UVERworld,pop rock,73749457,@UVERworld,Us,Stronger
BURNOUT SYNDROMES,disco,9264877,@BURNOUT SYNDROMES,One Night,Rumors
Solence,electro music,3102029,@Solence,Stronger,Cut Me Loose
Fit for a King,jazz,25982939,@Fit for a King,Jail,By Myself
Hollow Front,metalcore,14988654,@Hollow Front,Petite,The Sun
Fame on Fire,jazz,74017322,@Fame on Fire,Children,Kiss My (Uh Oh)
Arcaeus,jazz,20582011,@Arcaeus,Angels Lullaby,Alone
Noragami,classical music,11845593,@Noragami,Eye Opener,Need You Now
The Score,pop rock,29260957,@The Score,Bang Bang,Risk It All
Papa Roach,jazz,55939369,@Papa Roach,Good 4 U,Wasted Love
Ed Scott,latin music,50089750,@Ed Scott,The Windmills Of Your Mind,Walking The Wire
Bad Wolves,heavy metal,50931084,@Bad Wolves,Moustache,Eye Opener
Lady not Gaga,disco,45772570,@Lady not Gaga,Stay,Woo Baby
Two Direction,alternative rock,77469160,@Two Direction,Love Me Tender,Save Your Tears
James Arthur,pop rock,67487482,@James Arthur,Woman,Remember
Shawn Mendes,pop,28417058,@Shawn Mendes,Fireworks,Love Or Lust
The Vamps,latin music,61954893,@The Vamps,In Your Eyes,In the End
Little mix,rap rock,35361139,@Little mix,LightHouse,Take My Breath
Stay kids,metal,55806423,@Stay kids,Stay,better
Sam Smith,rave,96849039,@Sam Smith,Fine Line,Anchor
Doja dog,hip hop,29636113,@Doja dog,Everything,Devil town
Jony,disco,97353022,@Jony,Lovely,Hear My Voice
Guma,rap rock,16742101,@Guma,My Life Is Going On,Wasting My Youth
Friday Night,disco,46685603,@Friday Night,BURN IT DOWN,Flashbacks
Bush,alternative rock,16499006,@Bush,willow,Rumors
Pop Evil,electro music,96041472,@Pop Evil,Bleed It Out,Cold Heart
Museum,disco,22154120,@Museum,The Fear,Human
Fozzy,metalcore,12865968,@Fozzy,Toxicity,What I've Done
Saul,hard rock,94916972,@Saul,If You Ever Leave I'm Coming with You,Don't Be Shy
I Prevail you,rock,40211706,@I Prevail you,One Step Closer,Summertime Shootout
Dust,electro music,97940232,@Dust,Someone You Loved,Get You Down
coldrain,rap rock,52203281,@coldrain,Anchor,Love Tonight
Elvis Presley1,latin music,49558849,@Elvis Presley1,LightHouse,Cure (reimagined)
Elton John1,folk,63005382,@Elton John1,Turn Down For What,Girls Want Girls
Bob Dylan1,latin music,50052585,@Bob Dylan1,You Don't Know,Children
The Beatles1,hip hop,66650693,@The Beatles1,Story of My Life,I Love You Always Forever
Eric Clapton1,r&b,90552047,@Eric Clapton1,Lovefool,Holding Me Down
Queen1,electro music,1910722,@Queen1,Bad Romance,Prayers
Rod Stewart1,metal,30413279,@Rod Stewart1,Bleeding Out,Heartbreak Anthem
Johnny Cash1,alternative rock,3612858,@Johnny Cash1,Does Your Mother Know,This Is Where It Ends
Van Morrison1,funk,31033440,@Van Morrison1,Black Lungs,Unstoppable
The Beach Boys1,classic rock,93829467,@The Beach Boys1,Hall of Fame,Freed From Desire
Prince1,metalcore,35843448,@Prince1,Heavier,Talamanca
Bruce Springsteen1,funk,32629597,@Bruce Springsteen1,Thank God I'm A Country Boy,Alone
The Rolling Stones1,folk,467244,@The Rolling Stones1,INDUSTRY BABY,Piano Banana
Perry Como1,rock,97985761,@Perry Como1,Children,drivers license
AC/DC1,gospel music,66321903,@AC/DC1,Techno Disco,Collard Greens
George Strait1,gospel music,37629489,@George Strait1,Lovely,You & I
David Bowie1,classical music,90864950,@David Bowie1,Jealousy jealousy,Bad Romance
Aerosmith1,rock,40342590,@Aerosmith1,Uptown Funk,Clearly
Sarah Brightman1,glam rock,10489466,@Sarah Brightman1,Aerials,She's Wild
Reba McEntire1,classical music,56925150,@Reba McEntire1,Bang Bang,Take A Chance On Me
Michael Jackson1,metal,20382504,@Michael Jackson1,Youth,Skate
Eminem1,gospel music,81519480,@Eminem1,Love Or Lust,Conga
James Taylor1,pop rap,9822780,@James Taylor1,Heat Waves,Heat Waves
Madonna1,alternative rock,10171051,@Madonna1,One Night,DJ Got Us Fallin' In Love
The Clash1,gospel music,66845686,@The Clash1,Sweater weather,Fair Trade
Kris Kristofferson1,k-pop,74257147,@Kris Kristofferson1,Water fountain,Hear My Voice
Alice Cooper1,rock,6386458,@Alice Cooper1,Shum,Heat Waves
Kiss1,electro music,15343333,@Kiss1,Dancing On Dangerous,Forgotten
Neil Young1,k-pop,98352746,@Neil Young1,Hear My Voice,Wasted Love
Starset1,metal,57140508,@Starset1,Don't be so shy,Gone Forever
Dua Lipa1,trap,37386566,@Dua Lipa1,Marea (We’ve Lost Dancing),Chop Suey!
Normandie1,raggae,51972766,@Normandie1,U + Ur Hand,Let Them Know
Linked Horizon1,gospel music,89134276,@Linked Horizon1,Tell Me Something Good (Mixed),Cover Me In Sunshine
Muse1,r&b,9575968,@Muse1,Flashbacks,Kingston Town
Coldplay1,trap,42748600,@Coldplay1,Woman,Oh My Darling
Paramore1,r&b,2217110,@Paramore1,Sleep,Break My Heart
Bring Me The Horizon1,pop rock,34125030,@Bring Me The Horizon1,Summertime Sadness,Body Moves
Cardi B1,rock,85009352,@Cardi B1,Endless Love,Save Your Tears
Oasis1,classic rock,37060470,@Oasis1,Why Do You Lie To Me,Blame
Black Sabbath1,rock,30384017,@Black Sabbath1,Leather And Lace,Morrow
Blur1,classical music,29334136,@Blur1,Late At Night,Heavier
Arctic Monkeys1,jazz,13229478,@Arctic Monkeys1,Am I Wrong,Atlas Falls
The Smiths1,rave,10367134,@The Smiths1,Take My Breath,Idfc
The Cure1,pop rap,27631073,@The Cure1,Born To Be Yours,In Da Getto
Depeche Mode1,pop rap,41355222,@Depeche Mode1,Girlfriend,Kaikai Kitan
Placebo1,country,59866888,@Placebo1,Sympathy,Toxicity
One Direction1,alternative rock,6371911,@One Direction1,Salt,Time of Dying
Harry Styles1,metal,84825771,@Harry Styles1,3 to 1,By Myself
Machine Gun Kelly1,funk,29102857,@Machine Gun Kelly1,Break My Heart,If You Really Love Me (How Will I Know)
The Prodigy1,rap,5635936,@The Prodigy1,Psycho,We Are Little Big
BTS1,raggae,41541752,@BTS1,Visiting Hours,Bleeding Out
Blackpink1,pop,43904202,@Blackpink1,Stay,Turn Down For What
Deep Purple1,alternative rock,72172109,@Deep Purple1,Sex Machine,rockstar
Gorillaz1,rock,63810147,@Gorillaz1,Boyz N Da Club,Mad About Bars
Christina Aguilera1,trap,38235583,@Christina Aguilera1,Say It Right,AIN’T SO
Britney Spears1,glam rock,10486693,@Britney Spears1,Over and Over,I Want It All
Editors1,r&b,45803871,@Editors1,Runaway,Out Out
Our Last Night1,pop rock,74647358,@Our Last Night1,Summer in the City,Thank God I'm A Country Boy
Sex Pistols1,gospel music,80694181,@Sex Pistols1,Little Bit of Love,Salt
The Killers1,hip hop,63325062,@The Killers1,Give It Away,I Hate Everything About You
Florence + the Machine1,alternative rock,68424789,@Florence + the Machine1,La di die,Redemption
Amy Winehouse1,hard rock,39611169,@Amy Winehouse1,Story of My Life,Father And Son
Sia1,pop rap,72055092,@Sia1,Kissing Strangers,Animal I Have Become
P!nk1,rap,66478052,@P!nk1,Losing My Mind,Can't Come To The Phone
Genesis1,funk,3782247,@Genesis1,Dancing On Dangerous,You for Me
Beyonce1,metalcore,45690365,@Beyonce1,Tell Me Something Good (Mixed),Montero (Call Me By Your Name)
Kelly Clarkson1,jazz,26387809,@Kelly Clarkson1,Kokomo,Surviving The Game
Enter Shikari1,heavy metal,18593397,@Enter Shikari1,I Love You Always Forever,Harleys In Hawaii
Black Veil Brides1,disco,46921518,@Black Veil Brides1,Take My Breath,INDUSTRY BABY
Skillet1,electro music,14367193,@Skillet1,Should I Stay Or Should I Go,Everything
The Neighbourhood1,rave,83241253,@The Neighbourhood1,No Friends In The Industry,La di die
Shakira1,latin music,82801218,@Shakira1,Dreamin,Midnight City
Fall Out Boy1,metal,40638175,@Fall Out Boy1,Kokomo,Diablo
Panic! At The Disco1,rap,65956297,@Panic! At The Disco1,Dancing On Dangerous,Million To One
I See Stars1,glam rock,15764943,@I See Stars1,Impossible,Freed From Desire
Caskets1,punk rock,29272746,@Caskets1,Surviving The Game,Fountains
Scorpions1,glam rock,33649948,@Scorpions1,Woo Baby,Friday I’m In Love
System Of A Down1,metalcore,52337412,@System Of A Down1,Ich hasse Kinder,Aerials
Zero Horizon1,pop,18951697,@Zero Horizon1,Need You Now,Leave Before You Love Me
All Time Low1,alternative rock,39481238,@All Time Low1,The Only One I Know,My Way
Imagine Dragons1,rave,53835427,@Imagine Dragons1,No Stress,Sympathy For The Devil
Annisokay1,funk,50836042,@Annisokay1,Bleeding Out,Get Lucky
A Day To Remember1,pop rap,28853889,@A Day To Remember1,Rolling In The Deep,4 To The Floor
Rise Against1,rave,93166587,@Rise Against1,In Da Getto,The Funeral
I Prevail1,heavy metal,37576507,@I Prevail1,Dance Monkey,Someone
Falling In Reverse1,pop rock,63511205,@Falling In Reverse1,LightHouse,Understand Your Man
My Chemical Romance1,jazz,93963879,@My Chemical Romance1,Fair Trade,Moustache
Crown The Empire1,punk rock,45395082,@Crown The Empire1,Better Days,White Rabbit
Bad Omens1,k-pop,12126749,@Bad Omens1,I'm Gonna Be (500 Miles),White Lies
Royal Blood1,funk,29736699,@Royal Blood1,You & I,Summertime Shootout
Wildways1,heavy metal,99329602,@Wildways1,Who's They,Bury a Lie
Slaves1,classical music,48884511,@Slaves1,Don't Shut Me Down,Like a Shadow
FEVER331,gospel music,88496549,@FEVER331,Once In A While,With You
Нервы1,funk,91205516,@Нервы1,Loving Is Easy,Call Out My Name
Валерий Меладзе1,rave,33273011,@Валерий Меладзе1,Leather And Lace,Iron
Lana Del Ray1,trap,39213070,@Lana Del Ray1,Diego,Borrowed Time
Linkin Park1,hip hop,58393950,@Linkin Park1,Atlas Falls,Flashbacks
Arash1,r&b,13578873,@Arash1,First In Line,My Heart Goes (La Di Da)
Enrique Iglesias1,r&b,25151727,@Enrique Iglesias1,Borrowed Time,In The Shadows
Sting1,k-pop,81192898,@Sting1,By Your Side,Montero (Call Me By Your Name)
Inna1,latin music,66398668,@Inna1,Cake By The Ocean,TRASH CANDY
Rihanna1,rave,31577481,@Rihanna1,Bleed It Out,Flashbacks
Scooter1,country,93805713,@Scooter1,Understand Your Man,Won't Get Fooled Again
Stray Kids1,classic rock,25327115,@Stray Kids1,Kokomo,Firework
Måneskin1,glam rock,43028820,@Måneskin1,Rumors,Shum
Slipknot1,rap rock,98367283,@Slipknot1,Oh My Darling,Mood Ring
50 Cent1,metalcore,52097949,@50 Cent1,Hands Up,RED
Celine Dion1,hip hop,11378322,@Celine Dion1,By Myself,All I Know So Far
Minelli1,pop rap,44913271,@Minelli1,Don't Go Yet,Dreamin
Evanescence1,jazz,16431417,@Evanescence1,Kings and Queens,Bad Romance
The Weeknd1,funk,2520472,@The Weeknd1,Father And Son,Fine Line
The Offspring1,disco,72311857,@The Offspring1,Devil town,Don't shut me down
Nirvana1,latin music,41079726,@Nirvana1,I Hate Everything About You,Lovely
Akcent1,metalcore,13619593,@Akcent1,Seventh Heaven,Blame
Lara Fabian1,electro music,9489609,@Lara Fabian1,LightHouse,Heavier
K-Maro1,hard rock,79920868,@K-Maro1,Fuck That,Get You Down
The Rasmus1,punk rock,62066023,@The Rasmus1,My Head and My Heart,This Is Where It Ends
Disturbed1,pop rock,40446649,@Disturbed1,DIvision Symbols,Fantasy
Ava Max1,raggae,4899685,@Ava Max1,Excuses,Breathe
Pink1,folk,17094162,@Pink1,Clearly,Uptown Funk
Lil Nas X1,r&b,35102623,@Lil Nas X1,Animals,Girlfriend
Lady Gaga1,hip hop,67088810,@Lady Gaga1,Alone With You,Children
Nickelback1,rap rock,33141867,@Nickelback1,La Grenade,Sympathy
ATB1,latin music,37537821,@ATB1,Choose Me,We Can Come Together
David Guetta1,pop rap,95927094,@David Guetta1,Badala Zamana,If It's Love
Rammstein1,pop,82178191,@Rammstein1,Little Bit of Love,Like a Shadow
Alizee1,pop,73593493,@Alizee1,My Way,VIVID VICE
Pitbull1,folk,22695464,@Pitbull1,Woman,Wannabe
Twenty One Pilots1,funk,5091440,@Twenty One Pilots1,Woman,Get Lucky
Bryan Adams1,punk rock,30750520,@Bryan Adams1,Psycho,Zombie
Selena Gomez1,pop rock,45551081,@Selena Gomez1,Power,ocean view
Doja Cat1,k-pop,85754527,@Doja Cat1,Kiss My (Uh Oh),Industry Baby
Whitney Houston1,rap rock,89007290,@Whitney Houston1,Time of Dying,Dreamin
Dj Aligator1,latin music,69907973,@Dj Aligator1,The Fear,rockstar
Sade1,classical music,93802331,@Sade1,Space Melody,My Heart Goes (La Di Da)
Three Days Grace1,latin music,55227004,@Three Days Grace1,Animal I Have Become,Gone Forever
Ghostemane1,pop,67130850,@Ghostemane1,Heat Waves,Pump Up The Jam
Ed Sheeran1,latin music,48995179,@Ed Sheeran1,Experience,Jealousy jealousy
Justin Timberlake1,metalcore,12832379,@Justin Timberlake1,VIVID VICE,Summer Of Love
Ariana Grande1,rap,9507991,@Ariana Grande1,La di die,Circus
Oliver Tree1,folk,35777852,@Oliver Tree1,Say It Right,DIvision Symbols
Akon1,jazz,15820878,@Akon1,Chop Suey!,Piano Banana
Moby1,rave,61552196,@Moby1,Seven Wonders,Just Like Fire
Iron Maiden1,electro music,51689424,@Iron Maiden1,Hello,DIvision Symbols
Ozzy Osbourne1,punk rock,11403557,@Ozzy Osbourne1,Space Melody,Diego
LP1,glam rock,50724256,@LP1,Where Is The Love?,Impossible
Mustafa Sandal1,heavy metal,11495907,@Mustafa Sandal1,Midnight City,Understand Your Man
DMX1,folk,55485942,@DMX1,Shum,Good 4 U
Bon Jovi1,folk,96984866,@Bon Jovi1,Frozen,Surviving The Game
Powerwolf1,latin music,35553880,@Powerwolf1,Be Free,Love Me Tender
Manowar1,latin music,48828299,@Manowar1,Wasted Love,Hear My Voice
Armin van Buuren1,trap,72484389,@Armin van Buuren1,Bring Me To Life,Somewhere I Belong
Red Hot Chili Peppers1,pop rock,27239030,@Red Hot Chili Peppers1,I Gotta Be Me,Techno Disco
Guns N' Roses1,metal,71866344,@Guns N' Roses1,Build a Bitch,Alejandro
Backstreet Boy1,latin music,61737062,@Backstreet Boy1,Lovefool,Diablo
Era1,classic rock,413335,@Era1,One Step Closer,Money Money Money
Hurts1,classical music,39560233,@Hurts1,Hello,Fire Fire
Snoop Dogg1,classical music,9045672,@Snoop Dogg1,LightHouse,Where Is The Love?
Plazma1,rap,8517443,@Plazma1,rockstar,Love The Way You Lie (feat. Rihanna)
Limp Bizkit1,r&b,82373260,@Limp Bizkit1,Flashbacks,Seventeen Going Under
XXXTentacion1,rave,53847809,@XXXTentacion1,Lying In The Sunshine,Dance Monkey
Lian Ross1,r&b,38543883,@Lian Ross1,Bleed It Out,Cut Me Loose
Crazy Frog1,r&b,15399449,@Crazy Frog1,Seven Nation Army,Risk It All
Maroon 51,classic rock,60199523,@Maroon 51,Zombie,Bleed It Out
Jennifer Lopez1,electro music,63348534,@Jennifer Lopez1,Smells Like Teen Spirit,Let Them Know
Benny Benassi1,indie pop,73568532,@Benny Benassi1,Water fountain,Summer Of Love
Justin Bieber1,disco,10823334,@Justin Bieber1,Lost (reimagined),You Don't Fool Me
Avril Lavigne1,rock,24534330,@Avril Lavigne1,Yesterday,I Want You
Myriam Fares1,electro music,72622706,@Myriam Fares1,Turn Down For What,Stronger
Imany1,glam rock,88343167,@Imany1,Take You Dancing,Woman
Nightwish1,pop,27290319,@Nightwish1,White Lies,Take me to church
Korn1,electro music,23280892,@Korn1,How You Remind Me,Heat Waves
Nancy Ajram1,punk rock,21423588,@Nancy Ajram1,Summer Of Love,Aerials
Katy Perry1,folk,63489955,@Katy Perry1,Build a Bitch,Take A Chance On Me
Haddaway1,classical music,94854955,@Haddaway1,Walking The Wire,Found
George Michael1,rap,98839319,@George Michael1,Whenever You're Ready (Acoustic),In Your Eyes
Ice Mc1,disco,18916194,@Ice Mc1,Late At Night,Animal I Have Become
Evan Band1,hip hop,58087544,@Evan Band1,Take My Breath,Seven Wonders
Bruno Mars1,pop rock,39958575,@Bruno Mars1,Somewhere Only We Know,Bring Me To Life
Space1,trap,61315770,@Space1,Cursed,Get Lucky
Hollywood Undead1,indie pop,35442817,@Hollywood Undead1,Survival,Holding Me Down
Dava1,rave,47406996,@Dava1,Wrecked,The Mission "M Is for Milla Mix"
Halsey1,classical music,36502205,@Halsey1,Let Them Know,OUT OUT
Lil Peep1,classical music,87972044,@Lil Peep1,My Heart Goes (La Di Da),Shape Of My Heart
Travis Scott1,disco,97844520,@Travis Scott1,Friday I’m In Love,By Myself
Xcho1,hip hop,49736142,@Xcho1,Toxicity,She's Wild
Black Eyed Peas1,trap,93651856,@Black Eyed Peas1,Techno Disco,The Sun
System of a Down1,trap,35773829,@System of a Down1,Talk to a Friend,Say It Right
Escape1,metal,93581314,@Escape1,Faint,Good 4 U
Jason Derulo1,indie pop,53066367,@Jason Derulo1,Talk About,Turn Down For What
Nataliya1,metalcore,3091487,@Nataliya1,drivers license,Can't Stop
ZZ Top1,electro music,27482555,@ZZ Top1,Secrets,Angels Lullaby
Rafet El Roman1,country,52105155,@Rafet El Roman1,Loving Is Easy,Why Do You Lie To Me
Enya1,electro music,11967535,@Enya1,Midnight City,Need You Now
Nelly Furtado1,metal,35047778,@Nelly Furtado1,Take A Chance On Me,Rampampam
Marilyn Manson1,pop,76034475,@Marilyn Manson1,Hometown Glory,Story of My Life
H.I.M1,latin music,66127198,@H.I.M1,Hall of Fame,I Hate Everything About You
Calvin Harris1,glam rock,56707833,@Calvin Harris1,Won't Get Fooled Again,Redemption
Anastacia1,glam rock,67214783,@Anastacia1,Paparazzi,Montero (Call Me By Your Name)
Turbotronic1,alternative rock,16080520,@Turbotronic1,Head & Heart,Someone You Loved
Judas Priest1,rock,79262680,@Judas Priest1,If You Really Love Me (How Will I Know),Pain
A-ha1,rave,88568453,@A-ha1,Lost in Echoes,Tell Me Something Good (Mixed)
Morgernshtern1,indie pop,36214747,@Morgernshtern1,The Sun,Fair Trade
EVE1,rap rock,52455362,@EVE1,Desert Rose,Borrowed Time
Lisa1,classic rock,63036918,@Lisa1,Eagle,Another love
Asking Alexandria1,pop rock,52141353,@Asking Alexandria1,One Step Closer,Jealousy jealousy
Hands Like Houses1,rap rock,8530715,@Hands Like Houses1,Atlas Falls,Fall Down
Netta1,raggae,54627844,@Netta1,Kings and Queens,Techno Disco
Little Big1,metalcore,43350983,@Little Big1,Head And Heart,Reason Living
She Wants Revenge1,pop,6795550,@She Wants Revenge1,Clean Again,Children
Dayseeker1,rap rock,87504556,@Dayseeker1,Butter,Ooh Wee
Too Close To Touch1,hip hop,5178829,@Too Close To Touch1,Ooh Wee,Loving Is Easy
Nerv1,r&b,61231887,@Nerv1,Creep,Lovefool
Glass Tides1,glam rock,22487071,@Glass Tides1,Creep,Alejandro
Picturesque1,latin music,71427115,@Picturesque1,Pump Up The Jam,Believe Me
The World Alive1,r&b,15787094,@The World Alive1,Kiss Me More,White Lies
Thosand Below1,metal,5867480,@Thosand Below1,Woman,Kingston Town
UVERworld1,hard rock,53938257,@UVERworld1,Always On My Mind,My Way
BURNOUT SYNDROMES1,trap,90360258,@BURNOUT SYNDROMES1,Alone (Alternative Mix),Rampampam
Elvis Presley2,country,50998260,@Elvis Presley2,Riot,The Fear
Elton John2,rap,8156248,@Elton John2,OMG,No Twerk
Bob Dylan2,rap rock,65761716,@Bob Dylan2,We Are Little Big,DIvision Symbols
The Beatles2,glam rock,88534096,@The Beatles2,Rolling In The Deep,What About Us
Eric Clapton2,glam rock,49722823,@Eric Clapton2,Eagle,Body Moves
Queen2,indie pop,72843867,@Queen2,Sugar,Little Bit of Love
Rod Stewart2,trap,34073167,@Rod Stewart2,Happier,Chosen
Johnny Cash2,country,10210805,@Johnny Cash2,Dusk Till Dawn,What About Us
Van Morrison2,r&b,14598133,@Van Morrison2,Choose Me,Wrecked
The Beach Boys2,classic rock,92950924,@The Beach Boys2,Take My Breath,Girl Like Me
Prince2,classic rock,62003894,@Prince2,Once In A While,Sleep
Bruce Springsteen2,alternative rock,56608549,@Bruce Springsteen2,Summertime Shootout,Secrets
The Rolling Stones2,country,26203098,@The Rolling Stones2,The Business,Love Or Lust
Perry Como2,gospel music,43951592,@Perry Como2,DJ Got Us Fallin' In Love,Turn Down For What
AC/DC2,hard rock,53474034,@AC/DC2,If It's Love,Leather And Lace
George Strait2,metal,51025699,@George Strait2,Believer,Glory Box
David Bowie2,latin music,25415941,@David Bowie2,Numb,Break My Heart
Aerosmith2,pop rock,34697966,@Aerosmith2,Faint,Power
Sarah Brightman2,funk,58922586,@Sarah Brightman2,City Of Stars,Once In A While
Reba McEntire2,rap rock,43672522,@Reba McEntire2,By Your Side,On The Ground
Michael Jackson2,rock,39908744,@Michael Jackson2,Remember,The Business
Eminem2,r&b,56737494,@Eminem2,The Sun,Obsessed With You
James Taylor2,rock,69194333,@James Taylor2,I Gotta Be Me,Don't Break the Heart
Madonna2,glam rock,62231705,@Madonna2,Shoot To Thrill,The Mission "M Is for Milla Mix"
The Clash2,pop rock,81045849,@The Clash2,Rampampam,She's Wild
Kris Kristofferson2,metalcore,94518451,@Kris Kristofferson2,No Friends In The Industry,Marea (We’ve Lost Dancing)
Alice Cooper2,funk,74309244,@Alice Cooper2,Your Love (9Pm),Fire In The Sky
Kiss2,rock,72182801,@Kiss2,I WANT YOU BACK,Super Trouper
Neil Young2,gospel music,42748171,@Neil Young2,Dynamite,INDUSTRY BABY
Starset2,latin music,74826544,@Starset2,In the End,Summer Of Love
Dua Lipa2,hard rock,70153555,@Dua Lipa2,Can't Stop,Can't Feel My Face
Normandie2,country,53019973,@Normandie2,Throne,Astronaut In The Ocean
Linked Horizon2,classical music,52027330,@Linked Horizon2,LightHouse,I Hate Everything About You
Muse2,rock,98089045,@Muse2,Talk to a Friend,Smells Like Teen Spirit
Coldplay2,trap,46167722,@Coldplay2,Therefore I Am,Devil town
Paramore2,pop rock,60853902,@Paramore2,Hall of Fame,Weekend
Bring Me The Horizon2,funk,53910183,@Bring Me The Horizon2,Skate,In Da Getto
Cardi B2,heavy metal,7061500,@Cardi B2,Alone (Alternative Mix),Take My Breath
Oasis2,punk rock,91913643,@Oasis2,Shut Up and Dance,Paradise
Black Sabbath2,rave,30310638,@Black Sabbath2,Am I Wrong,Idfc
Blur2,rock,60473624,@Blur2,Lights Down,This Is Where It Ends
Arctic Monkeys2,raggae,48316266,@Arctic Monkeys2,Turn Down For What,Devil town
The Smiths2,alternative rock,56050100,@The Smiths2,Kokomo,Choose Me
The Cure2,hard rock,12841606,@The Cure2,Dreamin,Love (Sweet Love)
Depeche Mode2,heavy metal,81362197,@Depeche Mode2,Jalebi Baby,Love Or Lust
Placebo2,alternative rock,41842008,@Placebo2,Clash,Salt
One Direction2,pop rock,5609748,@One Direction2,Ca Plane Pour Moi,Call 911
Harry Styles2,heavy metal,30097448,@Harry Styles2,Angels Lullaby,Lost (reimagined)
Machine Gun Kelly2,folk,55511183,@Machine Gun Kelly2,Love (Sweet Love),Wid It
The Prodigy2,rap rock,45588792,@The Prodigy2,Love (Sweet Love),Lullaby
BTS2,hip hop,48557401,@BTS2,The Mission "M Is for Milla Mix",Fantasy
Blackpink2,rap,85886081,@Blackpink2,Levitating,Riot
Deep Purple2,country,16335525,@Deep Purple2,By Myself,Bleed It Out
Gorillaz2,hard rock,21032888,@Gorillaz2,Diablo,Together
Christina Aguilera2,pop rap,52043292,@Christina Aguilera2,Somewhere Only We Know,I Miss the Misery
Britney Spears2,r&b,28235082,@Britney Spears2,Love Tonight,OUT OUT
Editors2,gospel music,74929368,@Editors2,Faint,Your Love (9Pm)
Our Last Night2,country,30646332,@Our Last Night2,Someone,Chosen
Sex Pistols2,rap rock,10269292,@Sex Pistols2,The Mission "M Is for Milla Mix",Wrecking Ball
The Killers2,hip hop,27622723,@The Killers2,We Are Little Big,I WANT YOU BACK
Florence + the Machine2,rap rock,88893608,@Florence + the Machine2,3 to 1,Meet Me At Our Spot
Amy Winehouse2,latin music,89508667,@Amy Winehouse2,Always On My Mind,Gone Forever
Sia2,glam rock,89914477,@Sia2,Animals,Breathe
P!nk2,glam rock,19356678,@P!nk2,Born To Be Yours,Believer
Genesis2,rap,76176862,@Genesis2,Remember,Little Bit of Love
Beyonce2,classic rock,98778283,@Beyonce2,Toxicity,Believer
Kelly Clarkson2,pop rock,69809228,@Kelly Clarkson2,Hands Up,Jalebi Baby
Enter Shikari2,hard rock,50701416,@Enter Shikari2,Clearly,Money Money Money
Black Veil Brides2,k-pop,12202314,@Black Veil Brides2,love nwantiti,Bloodstream
Skillet2,rap,40517200,@Skillet2,Father And Son,Head And Heart
The Neighbourhood2,k-pop,2500926,@The Neighbourhood2,Super Trouper,Good 4 U
Shakira2,rap,6362081,@Shakira2,Good Girls,Say It Right
Fall Out Boy2,gospel music,96132230,@Fall Out Boy2,Won't Get Fooled Again,Oops
Panic! At The Disco2,raggae,8910061,@Panic! At The Disco2,White Lies,My Heart Goes (La Di Da)
I See Stars2,glam rock,49862091,@I See Stars2,Woman,Borrowed Time
Caskets2,disco,11713300,@Caskets2,Touch OFF,My Way
Scorpions2,k-pop,15118796,@Scorpions2,Wrecking Ball,Redemption
System Of A Down2,alternative rock,72748221,@System Of A Down2,Bad Habits,Jealousy jealousy
Zero Horizon2,jazz,4211677,@Zero Horizon2,Youth,Falling
All Time Low2,alternative rock,98570171,@All Time Low2,Youth,Fine Line
Imagine Dragons2,classical music,22866902,@Imagine Dragons2,Fire In The Sky,Riot
Annisokay2,gospel music,55791913,@Annisokay2,Save Your Tears,Firework
A Day To Remember2,indie pop,53921320,@A Day To Remember2,Am I Wrong,Let's Groove
Rise Against2,trap,90713361,@Rise Against2,Lying In The Sunshine,I Want You
I Prevail2,r&b,87563729,@I Prevail2,traitor,Holiday
Falling In Reverse2,raggae,65537681,@Falling In Reverse2,Don't be so shy,Sweet Dreams
My Chemical Romance2,classic rock,77139349,@My Chemical Romance2,Wrecked,My Heart Goes (La Di Da)
Crown The Empire2,hip hop,54317305,@Crown The Empire2,Sympathy,Paradise
Bad Omens2,raggae,66671118,@Bad Omens2,Fire Fire,Girl Like Me
Royal Blood2,raggae,12360453,@Royal Blood2,Animals,Need To Know
Wildways2,r&b,55299883,@Wildways2,Your Love (9Pm),Fuel To Fire
Slaves2,r&b,80306246,@Slaves2,Diamonds,Bleed It Out
FEVER332,gospel music,75117688,@FEVER332,Understand Your Man,By Your Side
Нервы2,rap,83446343,@Нервы2,ocean view,Bad Romance
Валерий Меладзе2,pop,28291398,@Валерий Меладзе2,Deep End,Leather And Lace
Lana Del Ray2,gospel music,96252298,@Lana Del Ray2,Leave Before You Love Me,Bleed It Out
Linkin Park2,latin music,37541294,@Linkin Park2,Seven Wonders,OMG
Arash2,indie pop,96173839,@Arash2,City Of Stars,Walking The Wire
Enrique Iglesias2,indie pop,44226384,@Enrique Iglesias2,Uptown Funk,rockstar
Sting2,classic rock,23794675,@Sting2,Risk It All,Diego
Inna2,alternative rock,47104855,@Inna2,The Business,Iron
Rihanna2,alternative rock,13279230,@Rihanna2,White Lies,Throne
Scooter2,indie pop,4035566,@Scooter2,Take You Dancing,Paparazzi
Stray Kids2,disco,87512885,@Stray Kids2,Seven Wonders,3 to 1
Måneskin2,glam rock,74737621,@Måneskin2,My Happy Ending,I Love You I Hate You
Slipknot2,hip hop,3875173,@Slipknot2,OUT OUT,Paradise
50 Cent2,trap,34440917,@50 Cent2,Morrow,Blame
Celine Dion2,rock,13637759,@Celine Dion2,Don't Shut Me Down,Head & Heart
Minelli2,rap,99330068,@Minelli2,Cure (reimagined),Run Run
Evanescence2,gospel music,34357036,@Evanescence2,Slepptalk,In The Shadows
The Weeknd2,rap rock,79277873,@The Weeknd2,Alone With You,Chemical
The Offspring2,r&b,44029425,@The Offspring2,Bloodstream,This Is Where It Ends
Nirvana2,indie pop,50836346,@Nirvana2,Don't Go Yet,Give It Away
Akcent2,folk,10262081,@Akcent2,Frozen,Wid It
Lara Fabian2,rap rock,90595766,@Lara Fabian2,No Twerk,What About Us
K-Maro2,trap,65690791,@K-Maro2,Mood Ring,You and I
The Rasmus2,rap rock,8073275,@The Rasmus2,Prayers,Another Brick In The Wall
Disturbed2,metalcore,70560163,@Disturbed2,Everything,In the End
Ava Max2,rap,96294377,@Ava Max2,Seventh Heaven,Don't Go Yet
Pink2,alternative rock,63827909,@Pink2,Skate,My Life Is Going On
Lil Nas X2,heavy metal,62899151,@Lil Nas X2,No Love (feat. Lil Wayne),Obsessed With You
Lady Gaga2,classical music,91764229,@Lady Gaga2,Out Out,Don't Shut Me Down
Nickelback2,gospel music,21986121,@Nickelback2,Badala Zamana,The Secret He Had Missed
ATB2,glam rock,97047843,@ATB2,Shoot To Thrill,Woman
David Guetta2,rock,62522757,@David Guetta2,Bad Romance,Why Do You Lie To Me
Rammstein2,rap,61558124,@Rammstein2,Salt,Aerials
Alizee2,rap rock,95213134,@Alizee2,Beggin,Ben
Pitbull2,classical music,53134868,@Pitbull2,Ich hasse Kinder,Alone With You
Twenty One Pilots2,gospel music,98565250,@Twenty One Pilots2,What I've Done,FLY HIGH!!!
Bryan Adams2,country,97210766,@Bryan Adams2,Human,Bleeding Out
Selena Gomez2,pop rap,59520424,@Selena Gomez2,Roses,Shape Of My Heart
Doja Cat2,rap rock,90693307,@Doja Cat2,All Good Things,Prayers
Whitney Houston2,hip hop,39158438,@Whitney Houston2,Numb,Call 911
Dj Aligator2,gospel music,28284142,@Dj Aligator2,SOS,Better Days
Sade2,hard rock,99798194,@Sade2,Heartbreak Anthem,Like a Shadow
Three Days Grace2,hip hop,85172747,@Three Days Grace2,This Is Where It Ends,Gyalis
Ghostemane2,pop rap,25541819,@Ghostemane2,Ways To Disappear,Toxicity
Ed Sheeran2,hard rock,64963253,@Ed Sheeran2,Jail,Take My Breath
Justin Timberlake2,glam rock,23592010,@Justin Timberlake2,Time of Dying,Love On The Brain
Ariana Grande2,indie pop,15855788,@Ariana Grande2,Fantasy,Fly Away
Oliver Tree2,rock,48933648,@Oliver Tree2,Get Lucky,Fine Line
Akon2,gospel music,16541400,@Akon2,No Twerk,DJ Got Us Fallin' In Love
Moby2,rock,65022657,@Moby2,Lost in Echoes,Slepptalk
Iron Maiden2,pop rap,95176539,@Iron Maiden2,DJ Got Us Fallin' In Love,Endless Love
Ozzy Osbourne2,indie pop,13988569,@Ozzy Osbourne2,Leck,You for Me
LP2,rap,9721283,@LP2,Way 2 Sexy,Wrecking Ball
Mustafa Sandal2,metalcore,20023615,@Mustafa Sandal2,Firework,Yesterday
DMX2,punk rock,74209396,@DMX2,Don't Shut Me Down,willow
Bon Jovi2,pop rap,49189556,@Bon Jovi2,Paradise,Animal I Have Become
Powerwolf2,r&b,97289982,@Powerwolf2,Over and Over,I'm a Pop
Manowar2,rap rock,51593285,@Manowar2,Body Moves,Breathe
Armin van Buuren2,rap,19809729,@Armin van Buuren2,My Life Is Going On,Slepptalk
Red Hot Chili Peppers2,punk rock,27423795,@Red Hot Chili Peppers2,Fire Fire,Good 4 U
Guns N' Roses2,metalcore,2568614,@Guns N' Roses2,Jealousy jealousy,better
Backstreet Boy2,hip hop,48974884,@Backstreet Boy2,Lovely,Afterglow
Era2,hard rock,30884449,@Era2,Billie (Loving Arms),Cold Heart
Hurts2,metal,89115707,@Hurts2,Violent Pornography,Love (Sweet Love)
Snoop Dogg2,gospel music,84939013,@Snoop Dogg2,Levitating,Together
Plazma2,alternative rock,2995934,@Plazma2,About You Now,Bleed It Out
Limp Bizkit2,classical music,57712275,@Limp Bizkit2,She Knows,Time of Dying
XXXTentacion2,rave,12063235,@XXXTentacion2,I Only Have Eyes For You,Bury a Lie
Lian Ross2,heavy metal,89148715,@Lian Ross2,Wannabe,Ca Plane Pour Moi
Crazy Frog2,pop rock,20471736,@Crazy Frog2,Ghost Like You,Desert Rose
Maroon 52,glam rock,84032232,@Maroon 52,found & lost,Runaway With It
Jennifer Lopez2,rave,32159519,@Jennifer Lopez2,Back In The U.S.S.R.,Every Time You Turn Around
Benny Benassi2,rap,60323028,@Benny Benassi2,Fake I.D,Sunshine
Justin Bieber2,metalcore,37618097,@Justin Bieber2,A Little Party Never Killed Nobody (All We Got),End Of Me
Avril Lavigne2,classic rock,36006177,@Avril Lavigne2,Piano Banana,Leave Before You Love Me
Myriam Fares2,electro music,57616210,@Myriam Fares2,Heartbreak Anthem,By Myself
Imany2,pop rap,9461486,@Imany2,The Funeral,I'm Gonna Be (500 Miles)
Nightwish2,indie pop,36002603,@Nightwish2,Dreamin,Boyz N Da Club
Korn2,metal,72361042,@Korn2,White Lies,Turn Down For What
Nancy Ajram2,pop rap,26202855,@Nancy Ajram2,Love All,Little Bit of Love
Katy Perry2,hard rock,50536756,@Katy Perry2,traitor,If You Really Love Me (How Will I Know)
Haddaway2,gospel music,61261773,@Haddaway2,Ich hasse Kinder,Deep End
George Michael2,pop rap,18419266,@George Michael2,Reason Living,Can't Come To The Phone
Ice Mc2,rap,24483751,@Ice Mc2,Dance Monkey,I Don't Want You
Evan Band2,country,31406481,@Evan Band2,Don't Shut Me Down,The Mission "M Is for Milla Mix"
Bruno Mars2,punk rock,82614330,@Bruno Mars2,My Way,Clean Again
Space2,classic rock,97445424,@Space2,Loving Is Easy,End Of Me
Dava2,electro music,29050816,@Dava2,Billie (Loving Arms),Sweater weather
Halsey2,raggae,40625137,@Halsey2,By Your Side,Blame
Lil Peep2,electro music,11739848,@Lil Peep2,BED,Shape Of My Heart
Travis Scott2,heavy metal,45440732,@Travis Scott2,Afterglow,RED
Xcho2,pop,58516654,@Xcho2,SOS,Signs (reimagined)
Black Eyed Peas2,metalcore,59197978,@Black Eyed Peas2,Moustache,Jalebi Baby
System of a Down2,metalcore,30311627,@System of a Down2,Billie (Loving Arms),When You're Out
Escape2,folk,98981744,@Escape2,Strange Effect,We Are Little Big
Jason Derulo2,glam rock,3718844,@Jason Derulo2,Back In The U.S.S.R.,Footprints
Nataliya2,classic rock,96896555,@Nataliya2,How Can I Make It OK?,Why Do You Lie To Me
ZZ Top2,pop rap,60784712,@ZZ Top2,Like a Shadow,Desert Rose
Rafet El Roman2,funk,38493785,@Rafet El Roman2,Eye Opener,Toxicity
Enya2,latin music,75145267,@Enya2,Jail,We Are Little Big
Nelly Furtado2,heavy metal,62338993,@Nelly Furtado2,Strange Effect,Beggin
Marilyn Manson2,k-pop,97711908,@Marilyn Manson2,If It's Love,Now I Know
H.I.M2,classic rock,32505947,@H.I.M2,I Love You Always Forever,My Life Is Going On
Calvin Harris2,heavy metal,47206696,@Calvin Harris2,Seven Nation Army,Imagine
Anastacia2,indie pop,16885514,@Anastacia2,Believe Me,Take My Breath
Turbotronic2,rap rock,7971124,@Turbotronic2,If It's Love,Little Bit of Love
Judas Priest2,r&b,66659441,@Judas Priest2,Somewhere Only We Know,Seventh Heaven
A-ha2,trap,89063919,@A-ha2,Sugar,Don't Go Yet
Morgernshtern2,gospel music,16058961,@Morgernshtern2,All Star,Anchor
EVE2,latin music,68720800,@EVE2,Wrecking Ball,Frozen
Lisa2,rock,99076345,@Lisa2,found & lost,Won't Get Fooled Again
Asking Alexandria2,rap rock,10579719,@Asking Alexandria2,Conga,Surviving The Game
Hands Like Houses2,hip hop,85823324,@Hands Like Houses2,Risk It All,Heartbreak Anthem
Netta2,punk rock,51542268,@Netta2,Billie (Loving Arms),24/5
Little Big2,rap rock,45773069,@Little Big2,You Don't Fool Me,Get You Down
She Wants Revenge2,rock,21006097,@She Wants Revenge2,Found,Collard Greens
Dayseeker2,folk,57273886,@Dayseeker2,Wasted,If You Really Love Me (How Will I Know)
Too Close To Touch2,trap,42520683,@Too Close To Touch2,TRASH CANDY,Indestructible
Nerv2,gospel music,16596067,@Nerv2,Ooh Wee,Kiss My (Uh Oh)
Glass Tides2,alternative rock,93269281,@Glass Tides2,Chalk Outline,In The Shadows
Picturesque2,folk,47112287,@Picturesque2,Uptown Funk,Why Do You Lie To Me
The World Alive2,metalcore,806977,@The World Alive2,Impossible,Little Bit of Love
Thosand Below2,k-pop,82006061,@Thosand Below2,Take My Breath,Boyz N Da Club
UVERworld2,k-pop,71088147,@UVERworld2,Experience,Freaks
BURNOUT SYNDROMES2,alternative rock,2299071,@BURNOUT SYNDROMES2,Fountains,Goosebumps
Elvis Presley3,folk,14168194,@Elvis Presley3,Whenever Wherever,Alone
Elton John3,funk,82062891,@Elton John3,Better Days,Dirty Hands (Gone Mad)
Bob Dylan3,raggae,17731590,@Bob Dylan3,You & I,Take me to church
The Beatles3,pop rock,50763395,@The Beatles3,Remember,By Your Side
Eric Clapton3,punk rock,67264107,@Eric Clapton3,If You Ever Leave I'm Coming with You,All I Know So Far
Queen3,latin music,38765118,@Queen3,I Still Have Faith In You,Fly Away
Rod Stewart3,pop,91675641,@Rod Stewart3,Falling,willow
Johnny Cash3,rap,24561334,@Johnny Cash3,I Wanna Be Your Slave,Talk to a Friend
Van Morrison3,trap,38097926,@Van Morrison3,Rampampam,Monster (reimagined)
The Beach Boys3,glam rock,43806701,@The Beach Boys3,Diamonds,By Your Side
Prince3,country,94792104,@Prince3,The Only One I Know,Can't Come To The Phone
Bruce Springsteen3,electro music,15127002,@Bruce Springsteen3,Take My Breath,By Your Side
The Rolling Stones3,punk rock,67904423,@The Rolling Stones3,Turn Down For What,Psycho
Perry Como3,alternative rock,78429214,@Perry Como3,TRASH CANDY,How Can I Make It OK?
AC/DC3,hard rock,14502766,@AC/DC3,Body Moves,Bad Habits
George Strait3,glam rock,89324133,@George Strait3,The Funeral,Creep
David Bowie3,pop rap,63775307,@David Bowie3,TRASH CANDY,Moustache
Aerosmith3,hard rock,58741070,@Aerosmith3,Clearly,Harleys In Hawaii
Sarah Brightman3,pop rap,52165400,@Sarah Brightman3,Wrecked,Who's They
Reba McEntire3,gospel music,23194274,@Reba McEntire3,Stupid Feelings,Jalebi Baby
Michael Jackson3,punk rock,52299485,@Michael Jackson3,Pain,willow
Eminem3,hard rock,19144760,@Eminem3,Before I Cave In,No Twerk
James Taylor3,pop rap,57073472,@James Taylor3,Cold Heart,Believer
Madonna3,trap,75010947,@Madonna3,Alone,Never Going Home
The Clash3,hip hop,90778125,@The Clash3,When You're Out,Alejandro
Kris Kristofferson3,latin music,19880887,@Kris Kristofferson3,Hypnodancer,Heavier
Alice Cooper3,folk,33761252,@Alice Cooper3,Freaks,Drive
Kiss3,hard rock,81763589,@Kiss3,Black Magic,Breathe
Neil Young3,k-pop,39252085,@Neil Young3,Little Bit of Love,Blinding Lights
Starset3,metal,35097441,@Starset3,I Want You,Blinding Lights
Dua Lipa3,pop,66244580,@Dua Lipa3,Love Tonight,Therefore I Am
Normandie3,metalcore,21084687,@Normandie3,On The Ground,Fall Down
Linked Horizon3,heavy metal,54801114,@Linked Horizon3,Say It Right,Hurricane
Muse3,latin music,98260024,@Muse3,Out Out,found & lost
Coldplay3,funk,95155111,@Coldplay3,All Star,Don't be so shy
Paramore3,glam rock,56444508,@Paramore3,The Only One I Know,Witch
Bring Me The Horizon3,alternative rock,93015075,@Bring Me The Horizon3,Signs (reimagined),willow
Cardi B3,hard rock,45520684,@Cardi B3,Somewhere Only We Know,No Twerk
Oasis3,punk rock,70902376,@Oasis3,Summertime Sadness,Creep
Black Sabbath3,folk,33374478,@Black Sabbath3,Weekend,Fire Fire
Blur3,gospel music,26644331,@Blur3,I Feel It Coming,Can't Stop
Arctic Monkeys3,k-pop,19108229,@Arctic Monkeys3,Gangsta's paradise,Billie (Loving Arms)
The Smiths3,metal,7866071,@The Smiths3,Summer in the City,Love (Sweet Love)
The Cure3,disco,12564107,@The Cure3,Like I Do,love nwantiti
Depeche Mode3,pop rap,4086895,@Depeche Mode3,I'm Gonna Be (500 Miles),Found
Placebo3,glam rock,58405472,@Placebo3,Get You Down,You for Me
One Direction3,metal,94815336,@One Direction3,Afterglow,Get Lucky
Harry Styles3,glam rock,43798900,@Harry Styles3,By Your Side,Mood Ring
Machine Gun Kelly3,glam rock,99472940,@Machine Gun Kelly3,Black Lungs,Shum
The Prodigy3,alternative rock,11604076,@The Prodigy3,Kokomo,Chop Suey!
BTS3,classic rock,28087526,@BTS3,Black Magic,Signs (reimagined)
Blackpink3,classical music,75650465,@Blackpink3,Endless Love,Deep End
Deep Purple3,punk rock,83073802,@Deep Purple3,Bleed It Out,Need To Know
Gorillaz3,classic rock,24389978,@Gorillaz3,Good 4 U,Don't Break the Heart
Christina Aguilera3,electro music,53118950,@Christina Aguilera3,Eye Opener,Rampampam
Britney Spears3,r&b,73240589,@Britney Spears3,My Happy Ending,Alejandro
Editors3,electro music,28671168,@Editors3,Turn Down For What,Afterglow
Our Last Night3,alternative rock,36678122,@Our Last Night3,Everything Fades,Uno
Sex Pistols3,electro music,19037289,@Sex Pistols3,Runaway With It,All I Know So Far
The Killers3,rock,26158371,@The Killers3,Alors On Danse,Gyalis
Florence + the Machine3,gospel music,18305914,@Florence + the Machine3,Born To Be Yours,Woman
Amy Winehouse3,raggae,64505612,@Amy Winehouse3,Ooh Wee,Body Moves
Sia3,gospel music,4592624,@Sia3,Chop Suey!,Wannabe
P!nk3,hip hop,41612500,@P!nk3,Fantasy,I WANT YOU BACK
Genesis3,rock,74572552,@Genesis3,Risk It All,Firework
Beyonce3,pop rap,1549760,@Beyonce3,No Love (feat. Lil Wayne),Indestructible
Kelly Clarkson3,latin music,12448598,@Kelly Clarkson3,Get Lucky,Bad Romance
Enter Shikari3,trap,54725977,@Enter Shikari3,By Your Side,Never Going Home
Black Veil Brides3,folk,53891620,@Black Veil Brides3,DJ Got Us Fallin' In Love,Hear My Voice
Skillet3,jazz,3242845,@Skillet3,I Want It All,OUT OUT
The Neighbourhood3,indie pop,22756494,@The Neighbourhood3,When You're Out,Talk to a Friend
Jennifer Lopez3,heavy metal,38382834,@Jennifer Lopez3,Bring Me To Life,Fantasy
Shakira3,rap,25384720,@Shakira3,Like a Shadow,Nirvana
Fall Out Boy3,rock,54071355,@Fall Out Boy3,Friday,On My Own
Panic! At The Disco3,rock,50340800,@Panic! At The Disco3,Dancing Queen,Hall of Fame
I See Stars3,hip hop,26933030,@I See Stars3,Time of Dying,Money Money Money
Caskets3,disco,50167451,@Caskets3,Leave Before You Love Me,Story of My Life
Scorpions3,raggae,30449111,@Scorpions3,Bleeding Out,Let's Love
System Of A Down3,glam rock,71808483,@System Of A Down3,3 to 1,The Sun
Zero Horizon3,trap,57956152,@Zero Horizon3,La di die,Leave Before You Love Me
All Time Low3,country,90850011,@All Time Low3,Firework,Dancing On Dangerous
Imagine Dragons3,pop rock,36380183,@Imagine Dragons3,Industry Baby,Fuck That
Annisokay3,glam rock,80061114,@Annisokay3,Just for me,Animals
Hollywood Undead3,electro music,25258436,@Hollywood Undead3,End Of Me,Manana
A Day To Remember3,classic rock,82906288,@A Day To Remember3,Wasting My Youth,Follow You
Rise Against3,trap,97560196,@Rise Against3,Story of My Life,I'm Gonna Be (500 Miles)
I Prevail3,metalcore,91601194,@I Prevail3,Dancing On Dangerous,Kiss My (Uh Oh)
Falling In Reverse3,rock,22419712,@Falling In Reverse3,Freed From Desire,Somewhere Only We Know
My Chemical Romance3,k-pop,84520739,@My Chemical Romance3,Walking The Wire,Bleeding Out
Crown The Empire3,alternative rock,46620726,@Crown The Empire3,Cake By The Ocean,Alone (Alternative Mix)
Bad Omens3,rap,55490898,@Bad Omens3,Take My Breath,In The End
Royal Blood3,indie pop,39578186,@Royal Blood3,Kingston Town,I Want It All
Wildways3,glam rock,73612839,@Wildways3,Remember,Over and Over
Slaves3,rap,17527748,@Slaves3,Say It Right,The Magic Key
FEVER333,gospel music,25093343,@FEVER333,Levitating,Shum
Нервы3,hip hop,78819393,@Нервы3,Body Moves,Indestructible
Валерий Меладзе3,rap rock,29621422,@Валерий Меладзе3,Love Tonight,Stupid Feelings
Lana Del Ray3,r&b,75629299,@Lana Del Ray3,I Feel It Coming,Harleys In Hawaii
Linkin Park3,country,57501697,@Linkin Park3,Butter,Wasted Love
Arash3,metal,62443497,@Arash3,Someone You Loved,Leave Before You Love Me
Enrique Iglesias3,r&b,73963067,@Enrique Iglesias3,Midnight City,Chop Suey!
Sting3,rap rock,4926723,@Sting3,Diego,Say It Right
Inna3,metalcore,25477449,@Inna3,With You,Talk About
Rihanna3,classical music,56088590,@Rihanna3,Space Melody,Give It Away
Scooter3,funk,87074147,@Scooter3,FLY HIGH!!!,Somewhere Only We Know
Stray Kids3,disco,19293162,@Stray Kids3,Good 4 U,Million To One
Måneskin3,hard rock,30482577,@Måneskin3,Seventeen Going Under,Get Lucky
Slipknot3,gospel music,28590559,@Slipknot3,Take me to church,Friday I’m In Love
50 Cent3,classic rock,95712817,@50 Cent3,Once In A While,The Mission "M Is for Milla Mix"
Celine Dion3,rave,26273548,@Celine Dion3,I'm a Pop,Talk About
Minelli3,punk rock,37976480,@Minelli3,Someone,rockstar
Evanescence3,k-pop,45726934,@Evanescence3,Wrecking Ball,Leck
The Weeknd3,country,4732315,@The Weeknd3,Girlfriend,RED
The Offspring3,glam rock,96564608,@The Offspring3,My Happy Ending,Out Out
Nirvana3,disco,32717442,@Nirvana3,Runaway With It,Never Going Home
Akcent3,jazz,31411658,@Akcent3,I WANT YOU BACK,Paradise
Lara Fabian3,metal,36549739,@Lara Fabian3,Moustache,found & lost
K-Maro3,funk,46066182,@K-Maro3,Excuses,I Want You
The Rasmus3,metal,46210044,@The Rasmus3,Get You Down,Moustache
Disturbed3,rap rock,81324666,@Disturbed3,All I Know So Far,Sympathy For The Devil
Ava Max3,metalcore,52437609,@Ava Max3,I'm Gonna Be (500 Miles),VIVID VICE
Pink3,classical music,998700,@Pink3,Clash,drivers license
Lil Nas X3,k-pop,75683427,@Lil Nas X3,Let's Love,Livin' In A World Without You
Lady Gaga3,latin music,6867523,@Lady Gaga3,Harleys In Hawaii,The Windmills Of Your Mind
Nickelback3,glam rock,89732996,@Nickelback3,Super Trouper,All Good Things
ATB3,funk,30814825,@ATB3,Heavier,willow
David Guetta3,jazz,78425948,@David Guetta3,Levitating,Found
Rammstein3,heavy metal,78960785,@Rammstein3,Friday I’m In Love,I'm a Pop
Alizee3,electro music,41657094,@Alizee3,Leather And Lace,Whenever You're Ready (Acoustic)
Pitbull3,latin music,92406491,@Pitbull3,Losing My Mind,Habits
Twenty One Pilots3,punk rock,39357064,@Twenty One Pilots3,This Is Where It Ends,Fair Trade
Bryan Adams3,rap,30631799,@Bryan Adams3,Say It Right,24/5
Selena Gomez3,folk,23863657,@Selena Gomez3,Oops,Blinding Lights
Doja Cat3,rave,5889306,@Doja Cat3,FLY HIGH!!!,Therefore I Am
Whitney Houston3,metal,75666019,@Whitney Houston3,Stay,I Hate Everything About You
Dj Aligator3,rock,77058568,@Dj Aligator3,Roses,Goosebumps
Sade3,trap,2732604,@Sade3,Dusk Till Dawn,Shape Of My Heart
Three Days Grace3,r&b,64418110,@Three Days Grace3,End Of Me,Don't Speak
Ghostemane3,rock,94753907,@Ghostemane3,Sympathy For The Devil,Space Melody
Ed Sheeran3,rave,46993521,@Ed Sheeran3,Runaway Baby,Ways To Disappear
Justin Timberlake3,pop rock,10515650,@Justin Timberlake3,Dirty Hands (Gone Mad),Save Your Tears
Ariana Grande3,pop,10822822,@Ariana Grande3,Drive,Fair Trade
Oliver Tree3,rap rock,2151011,@Oliver Tree3,Lullaby,You & I
Akon3,latin music,40430289,@Akon3,All Good Things,Holding Me Down
Moby3,r&b,37657307,@Moby3,Gangsta's paradise,Seventeen Going Under
Iron Maiden3,pop rock,76567655,@Iron Maiden3,Time of Dying,Take me to church
Ozzy Osbourne3,punk rock,81947947,@Ozzy Osbourne3,Friday I’m In Love,Am I Wrong
LP3,glam rock,94984340,@LP3,Dark Red,Dance Monkey
Mustafa Sandal3,electro music,22666967,@Mustafa Sandal3,The Only One I Know,Chosen
DMX3,alternative rock,48180672,@DMX3,AIN’T SO,The Funeral
Bon Jovi3,metal,37723514,@Bon Jovi3,Don't be so shy,Redemption
Powerwolf3,k-pop,93853464,@Powerwolf3,Stronger,Dancing Queen
Manowar3,k-pop,64598611,@Manowar3,Aerials,White Rabbit
Armin van Buuren3,trap,52984283,@Armin van Buuren3,I'm Gonna Be (500 Miles),Sleep
Red Hot Chili Peppers3,k-pop,61134021,@Red Hot Chili Peppers3,Bury a Lie,Excuses
Guns N' Roses3,pop rap,16673383,@Guns N' Roses3,Sex Machine,Fantasy
Backstreet Boy3,pop rock,53834709,@Backstreet Boy3,Ghost Like You,Head And Heart
Era3,pop,19402764,@Era3,Lying In The Sunshine,Ways To Disappear
Hurts3,country,79193937,@Hurts3,Love The Way You Lie (feat. Rihanna),Take You Dancing
Snoop Dogg3,hard rock,77178847,@Snoop Dogg3,Woman,Experience
Plazma3,pop rock,51521692,@Plazma3,Seventeen Going Under,Chemical
Limp Bizkit3,pop rock,14682486,@Limp Bizkit3,My Happy Ending,Get Lucky
XXXTentacion3,k-pop,96003361,@XXXTentacion3,Girlfriend,The Mission "M Is for Milla Mix"
Lian Ross3,gospel music,34613627,@Lian Ross3,Dance Monkey,Shivers
Crazy Frog3,metal,37264402,@Crazy Frog3,Just for me,This Is Where It Ends
Maroon 53,trap,48340386,@Maroon 53,Kiss My (Uh Oh),Somewhere I Belong
Benny Benassi3,pop,10953126,@Benny Benassi3,Take me to church,I Love You Always Forever
Justin Bieber3,metal,23801599,@Justin Bieber3,Love Tonight,Numb
Avril Lavigne3,country,2975455,@Avril Lavigne3,You Could Be,Meet Me At Our Spot
Myriam Fares3,rap,75875661,@Myriam Fares3,Friday I’m In Love,Take Me Away
Imany3,rap rock,66047858,@Imany3,Wasting My Youth,Roses
Nightwish3,metalcore,30225662,@Nightwish3,Love Me Tender,found & lost
Korn3,classic rock,72306149,@Korn3,Need To Know,Believe Me
Nancy Ajram3,pop,93331841,@Nancy Ajram3,Zombie,Born To Be Yours
Katy Perry3,indie pop,60936760,@Katy Perry3,INDUSTRY BABY,Loving Is Easy
Haddaway3,country,90186092,@Haddaway3,Leck,I Only Have Eyes For You
George Michael3,rap rock,63474442,@George Michael3,Lovefool,Dreamin
Ice Mc3,k-pop,17160616,@Ice Mc3,Hands Up,Cut Me Loose
Evan Band3,jazz,53207332,@Evan Band3,Dakiti,Don't Stop The Music
Bruno Mars3,disco,31816310,@Bruno Mars3,Love Or Lust,Ooh Wee
Space3,gospel music,64223260,@Space3,DJ Got Us Fallin' In Love,Eye Opener
Dava3,hard rock,3178008,@Dava3,Manana,Wannabe
Halsey3,jazz,49380376,@Halsey3,One Step Closer,Idfc
Lil Peep3,punk rock,78003794,@Lil Peep3,Gangsta's paradise,U + Ur Hand
Travis Scott3,indie pop,57525157,@Travis Scott3,Kingston Town,Get You Down
Xcho3,metal,12321367,@Xcho3,Don't Be Shy,Thank God I'm A Country Boy
Black Eyed Peas3,gospel music,21502901,@Black Eyed Peas3,fleabag,Take A Chance On Me
System of a Down3,pop,19660020,@System of a Down3,My Happy Ending,3 to 1
Escape3,folk,68167530,@Escape3,Every Time You Turn Around,Water fountain
Jason Derulo3,alternative rock,35710918,@Jason Derulo3,rockstar,Prayers
Nataliya3,metal,95779948,@Nataliya3,Get Lucky,Million To One
ZZ Top3,electro music,67805862,@ZZ Top3,Take My Breath,Somewhere Only We Know
Rafet El Roman3,rock,74320561,@Rafet El Roman3,Kaikai Kitan,You Don't Know
Enya3,r&b,21110285,@Enya3,Tesla,Zombie
Nelly Furtado3,trap,446515,@Nelly Furtado3,Over and Over,Frozen
Marilyn Manson3,pop rap,85723705,@Marilyn Manson3,Happy,Devil town
H.I.M3,metalcore,90501218,@H.I.M3,Indestructible,Love All
Calvin Harris3,hard rock,44011615,@Calvin Harris3,Take A Chance On Me,Faint
Anastacia3,jazz,99993612,@Anastacia3,Woo Baby,How You Remind Me
Turbotronic3,pop rock,43017239,@Turbotronic3,Circus,A Little Party Never Killed Nobody (All We Got)
Judas Priest3,funk,6434723,@Judas Priest3,Strange Effect,Sympathy
A-ha3,r&b,22252865,@A-ha3,Won't Get Fooled Again,I Love You I Hate You
Morgernshtern3,hard rock,70180326,@Morgernshtern3,Be Free,No Stress
EVE3,alternative rock,74009645,@EVE3,Forgotten,Petite
Lisa3,rock,25999281,@Lisa3,Freed From Desire,In Your Eyes
Asking Alexandria3,latin music,29431001,@Asking Alexandria3,Dirty Hands (Gone Mad),Ghost Like You
Hands Like Houses3,k-pop,80412892,@Hands Like Houses3,Levitating,Wasted
Netta3,pop rock,94925225,@Netta3,Take Me Away,Animals
Little Big3,r&b,67331017,@Little Big3,We Can Come Together,Out Out
She Wants Revenge3,jazz,29013813,@She Wants Revenge3,Better Days,Bad Habits
Dayseeker3,k-pop,27086508,@Dayseeker3,Before I Cave In,Ben
Too Close To Touch3,indie pop,63879296,@Too Close To Touch3,Experience,rockstar
Nerv3,funk,17095059,@Nerv3,Turn Down For What,Alone With You
Glass Tides3,pop,85722337,@Glass Tides3,Kokomo,Run Run
Picturesque3,disco,42600093,@Picturesque3,OMG,Lost in Echoes
The World Alive3,heavy metal,575896,@The World Alive3,Habits,Can't Come To The Phone
Thosand Below3,glam rock,34761730,@Thosand Below3,Get You Down,Cut Me Loose
UVERworld3,r&b,416857,@UVERworld3,End Of Me,Wasted Love
BURNOUT SYNDROMES3,rock,2536149,@BURNOUT SYNDROMES3,Woman,Piano Banana
Elvis Presley4,glam rock,65259700,@Elvis Presley4,3 to 1,Lying In The Sunshine
Elton John4,folk,44423941,@Elton John4,In Your Eyes,Alone
Bob Dylan4,trap,79725926,@Bob Dylan4,Mona Lisa,Flashbacks
The Beatles4,hard rock,32798443,@The Beatles4,Papercut,Call Out My Name
Eric Clapton4,k-pop,31559172,@Eric Clapton4,Seven Wonders,Excuses
Queen4,latin music,4877637,@Queen4,Bleeding Out,By Myself
Rod Stewart4,rave,15533134,@Rod Stewart4,Bad Romance,I'm Gonna Be (500 Miles)
Johnny Cash4,rock,64412430,@Johnny Cash4,Before I Cave In,Dirty Hands (Gone Mad)
Van Morrison4,punk rock,15129904,@Van Morrison4,Run Run,I GUESS I'M IN LOVE
The Beach Boys4,rap rock,82497736,@The Beach Boys4,Pain,OUT OUT
Prince4,raggae,83517252,@Prince4,Lights Down,Alejandro
Bruce Springsteen4,alternative rock,25949404,@Bruce Springsteen4,Witch Hunt,Uptown Funk
The Rolling Stones4,hip hop,36682251,@The Rolling Stones4,Love Or Lust,Crawling
Perry Como4,folk,93374397,@Perry Como4,All Star,One Step Closer
AC/DC4,rave,89643306,@AC/DC4,My Life Is Going On,I'm a Pop
George Strait4,jazz,38656982,@George Strait4,Leck,About You Now
David Bowie4,metal,44397266,@David Bowie4,Hypnodancer,My Way
Aerosmith4,pop rap,51375687,@Aerosmith4,Lullaby,Midnight City
Sarah Brightman4,metal,87490500,@Sarah Brightman4,LightHouse,Like I Do
Reba McEntire4,heavy metal,45309449,@Reba McEntire4,She's Wild,Blinding Lights
Michael Jackson4,indie pop,39322679,@Michael Jackson4,Summertime Sadness,Alejandro
Eminem4,rock,75675855,@Eminem4,Creep,Animals
James Taylor4,folk,35823562,@James Taylor4,Wid It,In The End
Madonna4,latin music,39266006,@Madonna4,Hypnodancer,Shoot To Thrill
The Clash4,rock,24988884,@The Clash4,She Knows,Shum
Kris Kristofferson4,classic rock,33907111,@Kris Kristofferson4,Blinding Lights,Ghost Like You
Alice Cooper4,pop rock,19338858,@Alice Cooper4,Skate,On The Ground
Kiss4,pop rock,35761047,@Kiss4,Slepptalk,I Don't Want You
Neil Young4,heavy metal,13601793,@Neil Young4,Don't Shut Me Down,Don't Stop The Music
Starset4,rave,35137956,@Starset4,Gyalis,I Still Have Faith In You
Dua Lipa4,trap,16314322,@Dua Lipa4,Conga,Toxicity
Normandie4,rap,78589850,@Normandie4,Uptown Funk,Borrowed Time
Linked Horizon4,r&b,54794285,@Linked Horizon4,End Of Me,Blame
Muse4,hard rock,91324861,@Muse4,Can't Come To The Phone,AIN’T SO
Coldplay4,classic rock,16118022,@Coldplay4,Where Is The Love?,Jalebi Baby
Paramore4,electro music,15758221,@Paramore4,On The Ground,You for Me
Bring Me The Horizon4,classical music,30626530,@Bring Me The Horizon4,Take You Dancing,Hands Up
Cardi B4,pop,51644355,@Cardi B4,Sugar,Industry Baby
Oasis4,pop rock,79686671,@Oasis4,A Million On My Soul,Alors On Danse
Black Sabbath4,metal,68097678,@Black Sabbath4,The Sun,Need To Know
Blur4,rave,14773264,@Blur4,Alone With You,Some Say
Arctic Monkeys4,k-pop,748058,@Arctic Monkeys4,Glory Box,I Want You
The Smiths4,electro music,28160764,@The Smiths4,Black Lungs,Bring Me To Life
The Cure4,pop,36468836,@The Cure4,Fake I.D,Gangsta's paradise
Depeche Mode4,k-pop,40040154,@Depeche Mode4,Dusk Till Dawn,Sunshine
Placebo4,raggae,16750006,@Placebo4,drivers license,Children
One Direction4,classical music,73659186,@One Direction4,Space Melody,Body Moves
Harry Styles4,glam rock,18641552,@Harry Styles4,Unstoppable,Love Me Tender
Machine Gun Kelly4,electro music,35788927,@Machine Gun Kelly4,Wrecked,Bring Me To Life
The Prodigy4,jazz,16832489,@The Prodigy4,By Your Side,Woman
BTS4,jazz,73652249,@BTS4,Eagle,Hall of Fame
Blackpink4,raggae,97826253,@Blackpink4,Another Brick In The Wall,If You Really Love Me (How Will I Know)
Deep Purple4,folk,63515058,@Deep Purple4,Don't Shut Me Down,Unstoppable
Gorillaz4,classical music,41096311,@Gorillaz4,Bang Bang,Don't Be Shy
Christina Aguilera4,rap,94735319,@Christina Aguilera4,Firework,Witch
Britney Spears4,country,75694521,@Britney Spears4,Like I Do,Save Your Tears
Editors4,hard rock,40090723,@Editors4,Heavier,White Lies
Our Last Night4,jazz,40848929,@Our Last Night4,TRASH CANDY,Runaway Baby
Sex Pistols4,disco,7220221,@Sex Pistols4,Cure (reimagined),Promises
The Killers4,pop rock,81694699,@The Killers4,My Life Is Going On,Ily
Florence + the Machine4,rave,15352066,@Florence + the Machine4,Talamanca,Little Bit of Love
Amy Winehouse4,alternative rock,17108040,@Amy Winehouse4,Ben,Painkiller
Sia4,metalcore,82509259,@Sia4,Unstoppable,Hall of Fame
P!nk4,glam rock,10959715,@P!nk4,I Hate Everything About You,Sugar
Genesis4,country,65477802,@Genesis4,Cut Me Loose,La di die
Beyonce4,metalcore,7442920,@Beyonce4,Manana,Devil town
Kelly Clarkson4,electro music,53755211,@Kelly Clarkson4,Fine Line,Sympathy
Enter Shikari4,punk rock,67732695,@Enter Shikari4,The Funeral,Sweet Dreams
Black Veil Brides4,hard rock,88290192,@Black Veil Brides4,Anchor,Story of My Life
Skillet4,metal,5396744,@Skillet4,We Are Little Big,Let's Groove
The Neighbourhood4,metal,57195201,@The Neighbourhood4,Crawling,Everybody
Jennifer Lopez4,indie pop,59980471,@Jennifer Lopez4,My Heart Goes (La Di Da),Once In A While
Shakira4,r&b,6786127,@Shakira4,Cake By The Ocean,Rampampam
Fall Out Boy4,classic rock,46557445,@Fall Out Boy4,All Good Things,Petite
Panic! At The Disco4,alternative rock,55611202,@Panic! At The Disco4,Take My Breath,Summertime Sadness
I See Stars4,heavy metal,40069010,@I See Stars4,Hurricane,Way 2 Sexy
Caskets4,gospel music,70199949,@Caskets4,Diablo,Talk to a Friend
Scorpions4,gospel music,69516927,@Scorpions4,Wrecked,My Way
System Of A Down4,pop rock,42125267,@System Of A Down4,Dancing Queen,Eye Opener
Zero Horizon4,rock,4148888,@Zero Horizon4,I'm Gonna Be (500 Miles),Lovefool
All Time Low4,metalcore,68270434,@All Time Low4,Techno Disco,Chemical
Imagine Dragons4,raggae,89911955,@Imagine Dragons4,Animals,Painkiller
Annisokay4,rave,13839344,@Annisokay4,Montero (Call Me By Your Name),Young Folks
Hollywood Undead4,electro music,51738462,@Hollywood Undead4,Sympathy,Someone You Loved
A Day To Remember4,classical music,70202943,@A Day To Remember4,Dynamite,Oops
Rise Against4,rap rock,19106508,@Rise Against4,One Night,Sweater weather
I Prevail4,hard rock,22316190,@I Prevail4,Summertime Sadness,Some Say
Falling In Reverse4,jazz,53316751,@Falling In Reverse4,Mad About Bars,Don't Shut Me Down
My Chemical Romance4,classical music,17355454,@My Chemical Romance4,Bury a Lie,Shivers
Crown The Empire4,trap,87988726,@Crown The Empire4,Somewhere Only We Know,Call 911
Bad Omens4,metalcore,16146757,@Bad Omens4,How You Remind Me,DJ Got Us Fallin' In Love
Royal Blood4,pop rock,1394964,@Royal Blood4,Crawling,Can't Stop
Wildways4,indie pop,77585447,@Wildways4,Freaks,Lovely
Slaves4,folk,23942067,@Slaves4,How Can I Make It OK?,Jail
FEVER444,hip hop,7999353,@FEVER444,INDUSTRY BABY,Seven Nation Army
