playlist_1,Shadowbringer,747,0:29:49,private,2019.11.5.
playlist_2,Kasida,998,1:17:38,public,2018.7.21.
playlist_3,Mageraven,775,0:56:54,public,2018.2.9.
playlist_4,Cordador,266,0:38:54,public,2019.10.15.
playlist_5,Balhala,265,2:10:16,private,2016.11.24.
playlist_6,Tholbine,389,0:27:40,public,2016.4.13.
playlist_7,Yozshusho,987,0:28:59,private,2016.4.28.
playlist_8,Arashiran,257,2:41:37,public,2017.4.17.
playlist_9,Kasho,788,2:32:41,public,2019.5.24.
playlist_10,Whitewalker,275,2:43:35,private,2017.3.10.
playlist_11,Lightwing,655,1:8:30,public,2016.1.27.
playlist_12,Tushura,466,2:23:20,private,2018.6.13.
playlist_13,Samushura,518,0:0:22,private,2016.1.11.
playlist_14,Gardatilar,967,0:22:44,public,2019.8.13.
playlist_15,Modikus,547,1:1:1,public,2018.2.16.
playlist_16,Frostbreaker,656,1:1:16,public,2017.12.15.
playlist_17,Shalitius,536,1:0:10,private,2017.1.25.
playlist_18,Gralas,270,1:42:7,private,2020.8.22.
playlist_19,Dozius,506,1:53:14,private,2020.3.23.
playlist_20,Zasida,647,1:9:52,private,2016.7.6.
playlist_21,Dagdamath,999,2:1:35,private,2017.11.1.
playlist_22,Jugis,195,1:28:19,public,2020.3.7.
playlist_23,Chillrunner,772,2:17:11,public,2016.3.16.
playlist_24,Agalanim,105,0:25:51,private,2020.10.8.
playlist_25,Adoralune,74,0:25:29,private,2016.10.25.
playlist_26,Gravelrunner,140,0:31:45,public,2018.2.7.
playlist_27,Kerius,178,0:41:55,public,2017.5.16.
playlist_28,Doutilar,855,1:56:7,public,2020.3.1.
playlist_29,Coidar,155,1:9:53,private,2016.4.7.
playlist_30,Sirazar,674,2:32:13,private,2017.9.8.
playlist_31,Mekazahn,576,2:31:29,private,2019.11.22.
playlist_32,Bloodwind,313,1:9:39,private,2019.4.17.
playlist_33,Nikojinn,381,0:57:57,private,2019.6.16.
playlist_34,Dumuro,606,2:31:48,private,2017.6.9.
playlist_35,Andromahelm,491,1:46:59,public,2020.2.15.
playlist_36,Barad,54,2:56:59,private,2020.11.26.
playlist_37,Adrie,387,2:2:59,public,2020.6.7.
playlist_38,Munirdin,637,2:7:41,public,2018.12.12.
playlist_39,Zafym,810,1:33:15,public,2018.11.28.
playlist_40,Malofym,210,0:34:42,private,2020.10.4.
playlist_41,Ballaath,759,1:11:15,public,2018.9.3.
playlist_42,Maule,613,0:38:46,private,2017.12.18.
playlist_43,Miraath,841,1:7:30,public,2018.6.24.
playlist_44,Zulular,194,2:19:5,public,2020.2.20.
playlist_45,Auriginn,727,1:17:55,private,2018.11.6.
playlist_46,Arashigami,659,1:15:43,public,2019.3.17.
playlist_47,Yozshushura,368,2:16:45,private,2018.12.12.
playlist_48,Midal,330,1:47:30,public,2019.2.23.
playlist_49,Yoshakar,892,2:32:24,public,2019.10.10.
playlist_50,Bonn,985,2:19:6,private,2020.6.3.
playlist_51,Centriri,92,2:19:54,private,2020.2.22.
playlist_52,Bloodwind,313,1:39:11,private,2018.8.16.
playlist_53,Delallador,789,0:42:48,private,2017.5.22.
playlist_54,Cemath,699,1:23:40,private,2017.3.4.
playlist_55,Delaswyn,641,2:38:44,public,2019.12.20.
playlist_56,Tubei,488,2:0:48,private,2016.10.26.
playlist_57,Vonris,763,2:3:7,private,2019.7.19.
playlist_58,Zalak,815,0:22:34,private,2017.9.24.
playlist_59,Kathrintrius,444,1:50:45,public,2020.2.4.
playlist_60,Doritus,71,0:3:34,public,2016.12.2.
playlist_61,Ishndar,198,2:36:49,public,2019.10.5.
playlist_62,Direwarden,541,2:32:17,public,2019.5.22.
playlist_63,Gaktilar,394,1:52:9,private,2019.1.19.
playlist_64,Zululrajas,446,1:14:18,private,2017.3.3.
playlist_65,Hugigas,665,0:47:37,private,2018.3.5.
playlist_66,Aurus,37,2:36:47,public,2018.12.24.
playlist_67,Dolsa,790,2:15:50,private,2017.1.9.
playlist_68,Manadar,762,1:59:3,public,2017.1.2.
playlist_69,Mordana,317,0:1:15,private,2020.5.26.
playlist_70,Miralar,991,1:49:51,private,2019.2.28.
playlist_71,Ausida,223,2:18:48,public,2017.2.22.
playlist_72,Silverwind,494,1:0:20,private,2016.1.10.
playlist_73,Bludpick,373,1:6:33,private,2019.4.4.
playlist_74,Rocksinger,341,1:20:5,public,2019.4.17.
playlist_75,Wrathfury,563,2:46:6,public,2019.7.11.
playlist_76,Kazradal,483,1:2:16,private,2020.2.5.
playlist_77,Centrirgas,27,1:26:27,public,2018.6.28.
playlist_78,Siralv,995,2:21:35,public,2019.3.21.
playlist_79,Tygogore,207,1:37:36,private,2019.9.24.
playlist_80,Cerern,712,2:19:17,public,2016.2.10.
playlist_81,Daizshura,352,0:57:13,private,2019.2.5.
playlist_82,Goltimuro,574,1:38:18,private,2018.9.12.
playlist_83,Manahelm,132,0:38:21,public,2019.4.4.
playlist_84,Blueconjuror,510,2:12:22,private,2019.2.7.
playlist_85,Sirarus,241,1:12:51,public,2019.1.2.
playlist_86,Yggfym,124,2:13:2,private,2018.4.2.
playlist_87,Mnedi,437,0:34:29,private,2016.2.20.
playlist_88,Redhammer,397,0:7:43,private,2017.2.12.
playlist_89,Zologis,969,2:13:52,public,2018.6.5.
playlist_90,Goltijind,970,0:53:37,public,2016.12.25.
playlist_91,Mordana,317,0:14:2,private,2019.10.15.
playlist_92,Manarad,915,1:57:36,private,2018.6.18.
playlist_93,Braghma,724,0:48:24,private,2020.4.15.
playlist_94,Zafym,810,0:32:16,private,2018.3.2.
playlist_95,Flameworker,222,0:46:55,public,2017.7.1.
playlist_96,Malashicage,333,0:48:59,public,2017.9.9.
playlist_97,Dara,943,2:35:22,private,2017.6.10.
playlist_98,Samushura,518,1:46:29,public,2019.5.16.
playlist_99,Nelabar,499,2:45:34,public,2018.12.27.
playlist_100,Sternwind,322,2:48:39,private,2020.6.15.
playlist_101,Kantrius,1000,2:50:56,private,2017.4.9.
playlist_102,Samushura,518,1:1:24,public,2016.5.7.
playlist_103,Maktilar,232,0:6:1,public,2020.10.17.
playlist_104,Hugigas,665,0:55:51,public,2016.9.26.
playlist_105,Akinolmaran,205,0:16:46,private,2018.2.15.
playlist_106,Keralore,65,2:47:50,private,2020.12.20.
playlist_107,Whitebinder,470,0:54:10,private,2016.8.9.
playlist_108,Vurr,735,1:7:7,private,2016.3.17.
playlist_109,Fohelm,933,1:40:56,public,2017.2.18.
playlist_110,Manadar,762,0:28:50,public,2016.11.27.
playlist_111,Fordrelore,769,2:31:24,public,2020.1.28.
playlist_112,Landargas,281,2:59:56,public,2018.10.17.
playlist_113,Budred,860,0:25:24,private,2018.4.13.
playlist_114,Zasida,647,2:55:55,public,2018.2.27.
playlist_115,Moge,101,1:32:57,public,2016.2.1.
playlist_116,Goldeneye,690,0:41:37,public,2017.10.6.
playlist_117,Fomeena,61,2:7:34,public,2017.3.4.
playlist_118,Malajas,486,2:41:8,public,2016.5.1.
playlist_119,Tujas,636,1:4:26,public,2016.8.21.
playlist_120,Andromalsa,263,2:51:6,public,2019.7.28.
playlist_121,Bandigar,906,2:7:12,public,2016.4.24.
playlist_122,Whiteworm,992,2:34:25,private,2016.10.27.
playlist_123,Manazius,900,0:3:27,private,2017.7.4.
playlist_124,Ironfont,974,2:38:6,private,2019.2.7.
playlist_125,Mall,522,1:56:13,public,2018.2.14.
playlist_126,Saberhammer,964,0:43:28,private,2020.5.11.
playlist_127,JoJogal,479,1:28:47,public,2018.8.19.
playlist_128,Kalhala,452,2:14:4,private,2017.5.12.
playlist_129,Hellstaff,72,0:26:38,private,2016.9.20.
playlist_130,Dorigas,429,0:32:40,public,2020.9.19.
playlist_131,Sternfire,458,1:52:17,public,2018.11.1.
playlist_132,Modilak,619,2:28:25,public,2019.12.12.
playlist_133,Arajar,651,1:20:59,public,2020.12.1.
playlist_134,Folas,994,1:29:1,private,2017.3.14.
playlist_135,Nikojinn,381,1:34:23,public,2017.8.8.
playlist_136,Grorn,813,0:57:17,private,2016.5.2.
playlist_137,Branris,767,0:20:24,private,2019.1.24.
playlist_138,Chillrunner,772,0:35:39,private,2016.3.23.
playlist_139,Kathrintrius,444,0:29:33,public,2016.5.18.
playlist_140,Mavewyn,628,0:47:45,private,2019.11.14.
playlist_141,Starpick,186,0:50:30,public,2020.3.3.
playlist_142,Muris,409,0:19:18,private,2016.8.12.
playlist_143,Mariginn,492,0:12:47,public,2018.1.20.
playlist_144,Buzadred,931,2:31:31,private,2018.9.20.
playlist_145,Snowgrove,542,2:56:21,public,2019.1.12.
playlist_146,Delamath,808,2:39:54,public,2018.11.8.
playlist_147,Redsinger,68,0:5:7,public,2017.1.23.
playlist_148,Mamuro,261,0:8:26,private,2020.9.10.
playlist_149,Maran,505,2:36:1,public,2016.5.21.
playlist_150,Oghmaril,224,0:27:51,private,2016.4.4.
playlist_151,Kagami,403,1:15:11,private,2020.11.4.
playlist_152,Saithisius,485,2:6:39,private,2017.7.3.
playlist_153,Grinadar,372,1:27:19,public,2020.12.3.
playlist_154,Kigagar,262,1:1:55,private,2016.5.28.
playlist_155,Goldeneye,690,0:8:23,private,2017.8.27.
playlist_156,Kantrius,1000,0:55:54,private,2019.10.28.
playlist_157,Vudokora,894,0:22:18,private,2018.8.1.
playlist_158,Zukus,366,1:51:26,private,2018.12.23.
playlist_159,Grilsa,947,1:14:42,private,2018.3.23.
playlist_160,Kegor,853,1:22:2,public,2019.1.22.
playlist_161,Wrathbinder,751,1:26:3,public,2019.12.10.
playlist_162,Daizshura,352,1:41:17,public,2018.1.9.
playlist_163,Kishicage,911,2:2:10,public,2018.9.18.
playlist_164,Landargas,281,2:22:25,private,2017.9.27.
playlist_165,Arashisida,430,1:31:43,private,2019.11.9.
playlist_166,Vudokora,894,1:36:31,private,2017.5.3.
playlist_167,Cordawield,244,1:6:4,public,2016.10.3.
playlist_168,Mazil,876,0:35:54,private,2020.9.15.
playlist_169,Doutilar,855,0:17:46,public,2018.1.3.
playlist_170,Folas,994,1:32:16,private,2017.9.8.
playlist_171,Jolar,748,0:58:30,public,2018.11.24.
playlist_172,Thordilis,411,2:8:2,public,2018.10.13.
playlist_173,Bladewood,283,1:40:27,private,2018.8.25.
playlist_174,Agamabandis,58,2:34:42,public,2020.4.10.
playlist_175,Tygranius,529,2:41:46,public,2016.3.23.
playlist_176,Wrathbinder,751,2:12:32,public,2019.1.5.
playlist_177,Nazan,212,1:27:33,private,2020.7.27.
playlist_178,Perilbine,883,0:41:19,private,2018.9.5.
playlist_179,Burdana,825,2:27:13,public,2018.6.14.
playlist_180,Delaswyn,641,2:47:59,private,2018.12.10.
playlist_181,Thordibor,174,0:50:27,public,2019.3.2.
playlist_182,Nebei,197,2:0:52,public,2018.9.28.
playlist_183,Gavidwyn,502,1:20:59,private,2019.3.12.
playlist_184,Nalmedor,393,2:8:9,private,2020.6.26.
playlist_185,Kathribor,938,1:55:19,private,2020.5.13.
playlist_186,Dalv,785,1:40:49,public,2017.7.28.
playlist_187,Ariulas,221,0:33:14,private,2016.12.8.
playlist_188,Saigelv,527,2:9:51,private,2018.5.2.
playlist_189,Ianrne,939,2:9:11,public,2016.7.23.
playlist_190,Ishnjurus,607,1:41:6,public,2016.4.9.
playlist_191,Mirr,886,1:32:36,public,2019.10.15.
playlist_192,Ma,798,2:8:41,public,2017.7.15.
playlist_193,Gokazahn,441,2:49:31,public,2020.1.13.
playlist_194,Swordcaster,869,2:55:54,public,2020.6.25.
playlist_195,Ausida,223,1:2:15,private,2018.5.8.
playlist_196,Mavewyn,628,2:12:22,private,2017.10.23.
playlist_197,Malagar,862,0:21:29,public,2018.8.7.
playlist_198,Nazan,212,2:56:56,public,2019.8.27.
playlist_199,Conn,585,0:59:29,public,2019.1.10.
playlist_200,Modizan,145,0:25:47,private,2017.10.21.
playlist_201,Ceth,976,2:39:51,private,2018.3.18.
playlist_202,Magra,990,2:1:42,public,2018.7.25.
playlist_203,Gardale,708,0:14:39,public,2016.9.26.
playlist_204,Drelarad,481,0:23:57,public,2018.4.12.
playlist_205,Fetaur,675,2:12:35,public,2019.6.3.
playlist_206,Mejind,69,1:25:46,public,2019.1.16.
playlist_207,Kalar,83,0:0:8,public,2019.11.14.
playlist_208,Marinis,896,0:58:35,private,2017.3.3.
playlist_209,Bluefont,7,1:34:45,private,2017.2.6.
playlist_210,Landazius,117,1:58:41,private,2018.6.8.
playlist_211,Bulen,213,1:36:33,private,2017.9.25.
playlist_212,Dourr,753,0:41:56,private,2019.11.8.
playlist_213,Anayalen,459,0:52:3,public,2018.10.10.
playlist_214,Cordalak,531,2:10:39,private,2018.3.10.
playlist_215,Sinmoon,750,0:30:7,public,2016.8.21.
playlist_216,Direbearer,654,2:38:59,public,2016.11.19.
playlist_217,Dorilis,816,2:57:16,public,2016.4.24.
playlist_218,Kishicage,911,2:56:2,private,2020.4.27.
playlist_219,Tygokazahn,503,1:45:34,private,2018.10.22.
playlist_220,Saithisius,485,1:1:16,public,2020.3.8.
playlist_221,Arashigami,659,2:33:4,private,2016.5.28.
playlist_222,Dakinos,761,1:58:16,private,2016.2.20.
playlist_223,Ianlmeena,230,1:45:32,private,2020.12.6.
playlist_224,Fenritaxe,581,2:51:22,private,2019.10.17.
playlist_225,Zuzil,814,2:52:56,public,2020.1.24.
playlist_226,Aralv,884,0:59:11,private,2020.1.20.
playlist_227,Malagore,316,2:9:13,private,2017.6.16.
playlist_228,Centrifyn,650,1:1:24,public,2017.10.17.
playlist_229,Dalalore,146,0:52:15,private,2016.8.18.
playlist_230,Hugindis,467,2:53:28,public,2018.11.24.
playlist_231,Nilahuginn,657,1:35:52,public,2018.3.1.
playlist_232,Thordilis,411,1:59:9,private,2018.11.9.
playlist_233,Fordin,344,2:12:59,public,2017.2.9.
playlist_234,Delamath,808,2:49:53,public,2018.2.26.
playlist_235,Margas,887,0:32:28,public,2019.8.11.
playlist_236,Malagore,316,0:15:7,public,2020.8.25.
playlist_237,Buth,433,2:2:23,private,2019.8.22.
playlist_238,Mordana,317,2:43:18,public,2016.11.4.
playlist_239,Shadowbringer,747,0:25:21,private,2017.8.27.
playlist_240,Windmane,885,0:29:46,public,2020.6.22.
playlist_241,Vizil,971,2:22:58,public,2020.2.13.
playlist_242,Zolomi,671,0:11:49,public,2016.5.10.
playlist_243,Nikozuru,944,0:44:6,public,2016.6.25.
playlist_244,Aurus,37,0:49:44,public,2018.1.12.
playlist_245,Modindis,360,1:13:14,public,2016.2.12.
playlist_246,Akinokasa,743,0:58:39,private,2017.2.13.
playlist_247,Nebei,197,0:30:3,public,2017.8.9.
playlist_248,Kakora,47,2:36:4,public,2018.1.21.
playlist_249,Penn,308,0:40:27,public,2019.7.15.
playlist_250,Ianrus,592,0:22:19,private,2019.10.10.
playlist_251,Ishnjurus,607,2:22:53,private,2017.3.13.
playlist_252,Zoloshicage,546,1:42:56,public,2016.2.11.
playlist_253,Gravelworker,957,1:59:37,private,2018.8.17.
playlist_254,Faegal,321,2:6:2,private,2017.8.14.
playlist_255,Hugindis,467,2:15:16,public,2016.3.28.
playlist_256,Thunderforge,6,2:55:58,private,2017.6.2.
playlist_257,Vizil,971,0:9:35,public,2020.1.6.
playlist_258,Thordisius,615,2:53:48,public,2019.8.23.
playlist_259,Viran,515,0:6:16,public,2017.2.5.
playlist_260,Nikoran,291,1:52:24,private,2016.1.15.
playlist_261,Jugor,634,1:8:39,private,2019.6.1.
playlist_262,Mavewyn,628,1:31:50,public,2017.9.22.
playlist_263,Bandimand,856,2:37:4,private,2020.11.2.
playlist_264,Ishnhelm,29,1:49:48,private,2019.6.22.
playlist_265,Truthterror,662,2:39:42,public,2017.5.11.
playlist_266,Cerejurus,404,1:13:8,private,2020.1.24.
playlist_267,Gridred,134,2:40:24,private,2018.12.3.
playlist_268,Agamamand,489,0:39:17,private,2019.2.19.
playlist_269,Cemeena,39,1:51:50,public,2017.11.25.
playlist_270,Madal,850,1:57:11,public,2020.5.25.
playlist_271,Graveldefender,780,2:9:33,private,2017.7.21.
playlist_272,Thordisius,615,2:57:50,private,2016.4.26.
playlist_273,Malolv,187,2:7:34,private,2018.5.12.
playlist_274,Agann,642,2:57:54,private,2019.7.1.
playlist_275,Adorari,602,0:51:1,private,2017.11.18.
playlist_276,Fordrelore,769,1:18:51,public,2020.6.24.
playlist_277,Nikonris,616,2:10:22,private,2019.10.20.
playlist_278,Dugami,96,0:54:46,public,2019.8.17.
playlist_279,Dianari,123,2:5:58,private,2018.9.7.
playlist_280,Truebreaker,456,2:49:26,private,2017.11.13.
playlist_281,Nikobar,220,2:44:12,public,2017.12.9.
playlist_282,Moogushakar,33,0:18:42,private,2016.5.20.
playlist_283,Whispersinger,94,2:26:28,public,2017.9.18.
playlist_284,Dawnweaver,661,0:6:14,private,2017.3.1.
playlist_285,Gavithris,115,2:2:30,public,2020.5.23.
playlist_286,Takree,693,0:29:23,public,2016.1.19.
playlist_287,Shaktishakar,328,0:38:22,private,2017.5.1.
playlist_288,Analis,945,2:21:46,public,2018.12.19.
playlist_289,Gholbigas,332,1:50:53,public,2018.4.25.
playlist_290,Burus,833,1:52:2,private,2017.12.17.
playlist_291,Yozshushicage,509,2:48:13,private,2018.9.16.
playlist_292,Bunara,716,1:1:23,public,2017.9.12.
playlist_293,Dianalace,45,1:45:34,private,2016.1.6.
playlist_294,Zululkree,694,2:6:54,private,2016.11.10.
playlist_295,Shaliron,645,0:53:10,public,2016.12.28.
playlist_296,Lightterror,890,1:42:5,private,2020.5.2.
playlist_297,Buzadred,931,1:20:10,public,2017.2.19.
playlist_298,Yozshusho,987,0:53:41,public,2019.3.2.
playlist_299,Kazijora,640,0:24:58,private,2017.10.23.
playlist_300,Gataur,797,0:33:28,private,2017.5.2.
playlist_301,Kigor,271,1:35:19,private,2016.7.18.
playlist_302,Jusar,343,0:59:48,public,2018.11.5.
playlist_303,Shaktilrajas,831,1:43:34,private,2017.8.2.
playlist_304,Stonemoon,107,0:48:52,public,2017.10.17.
playlist_305,Windmane,885,0:36:17,public,2016.6.14.
playlist_306,Fordrelis,771,0:17:29,public,2016.2.4.
playlist_307,Manatus,794,1:21:21,public,2020.10.2.
playlist_308,Thorius,910,0:12:8,private,2016.3.16.
playlist_309,Samushura,518,2:56:3,private,2019.3.10.
playlist_310,Cordanara,425,2:6:57,private,2018.6.11.
playlist_311,Kagami,403,2:37:3,public,2017.7.10.
playlist_312,Agann,642,0:1:32,public,2018.10.9.
playlist_313,Turamar,276,0:52:31,private,2018.7.7.
playlist_314,Bonn,985,1:41:4,private,2018.1.18.
playlist_315,Kathririel,202,2:43:28,private,2018.9.15.
playlist_316,Opira,686,0:44:53,private,2018.8.28.
playlist_317,Forcerunner,329,0:31:37,private,2019.9.5.
playlist_318,Delaswyn,641,2:44:35,private,2017.1.9.
playlist_319,Dalalore,146,2:45:7,private,2017.10.21.
playlist_320,Broadfang,977,0:44:44,public,2019.6.20.
playlist_321,Akigis,338,1:32:33,private,2018.2.14.
playlist_322,Iannius,139,1:46:18,private,2020.2.23.
playlist_323,Ishndar,198,0:19:11,public,2017.10.14.
playlist_324,Anahelm,726,0:12:10,private,2020.5.12.
playlist_325,Thordilis,411,2:20:51,public,2018.6.28.
playlist_326,Nall,979,1:16:57,private,2017.3.9.
playlist_327,Aralmaran,434,2:4:45,public,2016.2.20.
playlist_328,Agamanrad,698,2:36:10,private,2020.11.5.
playlist_329,Thunderterror,942,1:14:18,public,2020.8.22.
playlist_330,Ganos,168,0:29:4,public,2016.3.19.
playlist_331,Burdana,825,0:26:50,public,2019.6.28.
playlist_332,Tygokazahn,503,2:16:52,public,2016.10.7.
playlist_333,Mirazel,347,1:2:11,private,2019.12.23.
playlist_334,Shadowskin,191,1:29:9,public,2020.3.15.
playlist_335,Rageraven,279,2:34:56,private,2019.11.1.
playlist_336,Samuzshura,920,2:19:57,public,2020.2.15.
playlist_337,Dorith,614,2:54:20,public,2016.1.1.
playlist_338,Morne,170,1:52:46,private,2017.12.16.
playlist_339,Nalabar,669,2:18:48,public,2018.12.1.
playlist_340,Andromadora,36,0:43:28,private,2019.9.1.
playlist_341,Marirdin,264,1:33:8,private,2020.7.13.
playlist_342,Kezar,357,1:14:28,public,2020.5.14.
playlist_343,Zolokinos,331,1:29:10,private,2017.10.9.
playlist_344,Dagdallador,229,1:35:23,public,2020.9.8.
playlist_345,Ballath,958,2:4:53,private,2020.9.4.
playlist_346,Shaktimi,455,1:30:41,public,2020.10.26.
playlist_347,Felhalhala,355,0:8:41,private,2020.2.16.
playlist_348,Felhalore,918,2:23:37,private,2018.7.4.
playlist_349,Darkweaver,839,1:3:58,private,2016.4.27.
playlist_350,Kathrintrius,444,0:52:31,private,2016.1.6.
playlist_351,Gajas,158,0:19:20,private,2016.5.8.
playlist_352,Kathrilar,15,0:58:37,private,2020.2.13.
playlist_353,Malosida,834,1:6:8,public,2019.12.22.
playlist_354,Nalmelak,626,1:27:12,public,2018.5.28.
playlist_355,Moragda,215,1:11:2,public,2020.9.14.
playlist_356,Samukree,820,2:0:26,private,2016.10.28.
playlist_357,Perirne,122,0:33:37,private,2018.4.12.
playlist_358,Akinojora,179,1:55:23,public,2017.11.15.
playlist_359,Kebandis,635,0:16:58,private,2017.4.6.
playlist_360,Shakagor,648,0:55:14,private,2016.1.13.
playlist_361,Hugimand,14,1:57:17,private,2020.6.24.
playlist_362,Buzaginn,572,2:58:38,private,2017.3.13.
playlist_363,Arazuru,451,1:17:35,public,2017.2.1.
playlist_364,Nelabar,499,0:29:32,public,2018.3.25.
playlist_365,Nuadafyn,188,2:26:19,private,2016.9.19.
playlist_366,Bralore,125,1:49:30,public,2017.1.16.
playlist_367,Shadowsinger,320,1:45:41,public,2016.5.3.
playlist_368,Moonmane,501,2:22:42,public,2018.1.14.
playlist_369,Maghma,873,1:25:21,private,2017.11.17.
playlist_370,Fohelm,933,0:20:18,private,2019.6.27.
playlist_371,Juhn,371,2:4:51,private,2019.11.20.
playlist_372,Dok,608,2:19:26,private,2019.4.3.
playlist_373,Cordalak,531,2:4:25,public,2018.9.28.
playlist_374,Tojalkree,624,0:41:19,public,2019.11.14.
playlist_375,Hurana,863,1:28:30,public,2016.9.6.
playlist_376,Centrira,861,2:42:53,private,2017.1.10.
playlist_377,Periris,324,2:19:10,private,2016.1.21.
playlist_378,Dakora,639,1:55:41,public,2018.8.17.
playlist_379,Cordanara,425,2:54:24,private,2019.6.10.
playlist_380,Blackbinder,380,1:11:6,private,2017.4.17.
playlist_381,Lariel,857,2:30:13,public,2016.3.21.
playlist_382,Ferus,622,1:7:16,public,2017.7.14.
playlist_383,Dular,537,1:7:49,public,2016.12.13.
playlist_384,Goldcaster,544,0:26:4,private,2017.12.26.
playlist_385,Opirad,342,1:47:34,private,2018.8.4.
playlist_386,Fotus,435,2:8:26,private,2017.1.7.
playlist_387,Dishakar,216,0:33:3,public,2017.6.12.
playlist_388,Dourr,753,1:11:21,public,2016.1.13.
playlist_389,Kikree,793,1:53:48,public,2018.7.8.
playlist_390,Sharpredeemer,5,0:14:43,private,2016.5.25.
playlist_391,Mimuro,703,2:11:17,private,2018.4.18.
playlist_392,Balladwyn,375,2:22:7,private,2017.8.14.
playlist_393,Faulabar,214,1:53:33,private,2017.2.28.
playlist_394,Jusar,343,0:44:30,public,2017.3.26.
playlist_395,Dumuro,606,0:28:9,private,2020.10.17.
playlist_396,Celen,786,1:49:11,private,2020.3.23.
playlist_397,Nikojas,59,2:55:38,public,2017.10.17.
playlist_398,Gavidar,199,0:56:29,private,2017.10.1.
playlist_399,Moath,836,2:17:14,private,2019.9.14.
playlist_400,Gavithris,115,1:33:6,private,2020.6.9.
playlist_401,Kathrintrius,444,1:11:29,private,2017.12.5.
playlist_402,Nuath,963,2:48:3,private,2020.12.21.
playlist_403,Cordador,266,2:33:49,public,2016.9.5.
playlist_404,Kirinadar,95,1:29:47,public,2018.2.4.
playlist_405,Sharpworker,351,0:19:49,private,2016.2.26.
playlist_406,Malandis,959,1:21:22,public,2018.7.3.
playlist_407,Hellwood,474,2:37:47,public,2018.4.4.
playlist_408,Bashura,253,1:55:55,public,2017.8.20.
playlist_409,Balhala,265,2:58:33,private,2016.11.16.
playlist_410,Tygogore,207,1:48:19,public,2018.9.10.
playlist_411,Mazugor,150,0:33:19,public,2018.2.14.
playlist_412,Kikree,793,0:14:3,public,2018.7.26.
playlist_413,Maule,613,1:20:44,public,2020.12.18.
playlist_414,Narisar,664,1:15:2,public,2018.9.23.
playlist_415,Moongrove,872,2:20:18,private,2018.6.25.
playlist_416,Mardred,243,2:42:56,private,2018.2.1.
playlist_417,Doomstone,927,1:53:37,public,2017.2.9.
playlist_418,Saberdefender,9,0:57:36,private,2017.4.23.
playlist_419,Runeshade,82,2:54:22,public,2019.12.28.
playlist_420,Goshakar,949,0:48:20,private,2019.7.13.
playlist_421,Centritius,526,1:32:55,public,2018.4.21.
playlist_422,Shakagor,648,1:51:40,public,2019.9.1.
playlist_423,Mazule,418,0:29:34,public,2018.8.15.
playlist_424,Bujurus,350,1:33:3,public,2016.7.14.
playlist_425,Folas,994,2:1:4,private,2020.9.16.
playlist_426,Moonmane,501,0:54:10,private,2018.7.5.
playlist_427,Malamuro,739,2:13:18,private,2017.10.24.
playlist_428,Modikus,547,2:27:52,public,2018.10.16.
playlist_429,Ianrus,592,0:6:50,private,2020.10.1.
playlist_430,Mageraven,775,1:11:50,public,2018.9.2.
playlist_431,Mazura,849,0:34:5,public,2016.8.27.
playlist_432,Peswyn,926,0:58:8,private,2017.10.10.
playlist_433,Ironfont,974,2:24:51,private,2016.4.21.
playlist_434,Anaron,18,2:3:15,public,2020.5.16.
playlist_435,Anawyn,556,0:58:10,public,2016.8.18.
playlist_436,Virisar,709,2:52:10,public,2018.4.6.
playlist_437,Gholbigas,332,2:26:31,public,2018.10.21.
playlist_438,Maverne,609,0:40:11,private,2017.9.9.
playlist_439,Runeshade,82,2:20:18,public,2017.6.22.
playlist_440,Thorgakelv,913,2:47:57,public,2019.4.8.
playlist_441,Rexskin,184,2:41:35,public,2017.9.2.
playlist_442,Dianari,123,1:31:45,private,2018.1.22.
playlist_443,Delalak,795,0:10:2,public,2018.7.4.
playlist_444,JoJomi,119,0:7:50,private,2020.6.8.
playlist_445,Gumuro,374,0:56:27,private,2017.11.17.
playlist_446,Maujas,804,1:28:45,private,2020.6.17.
playlist_447,Sternfire,458,1:11:54,private,2017.2.23.
playlist_448,Zasida,647,2:59:24,public,2017.4.20.
playlist_449,Dougar,2,2:48:35,public,2018.12.12.
playlist_450,Dodor,940,0:53:1,public,2016.3.13.
playlist_451,Dijind,273,0:3:3,private,2018.11.26.
playlist_452,Nikonris,616,1:21:4,public,2016.9.2.
playlist_453,Opira,686,0:21:25,public,2017.11.25.
playlist_454,Bajas,710,2:36:46,private,2017.8.9.
playlist_455,Burige,477,1:13:4,public,2018.8.2.
playlist_456,Makree,354,0:38:8,private,2020.1.25.
playlist_457,Mazugor,150,2:46:8,private,2018.5.14.
playlist_458,Sai,421,1:39:43,public,2017.4.17.
playlist_459,Saberhunter,120,0:13:43,public,2019.7.3.
playlist_460,Karg,680,2:24:52,private,2020.5.14.
playlist_461,Arashinos,388,0:48:23,public,2019.1.28.
playlist_462,Faujin,453,1:40:52,public,2020.1.15.
playlist_463,JoJogal,479,2:45:3,private,2019.7.5.
playlist_464,Thetalace,472,1:53:20,private,2020.6.23.
playlist_465,Manadar,762,1:58:57,private,2019.10.4.
playlist_466,Dagrinn,512,2:51:19,private,2019.2.27.
playlist_467,Nikojinn,381,1:54:24,public,2019.6.8.
playlist_468,Malandis,959,0:37:14,public,2019.2.7.
playlist_469,Mik,696,1:9:18,public,2016.9.3.
playlist_470,Aunn,85,1:54:14,public,2018.11.18.
playlist_471,Ariuath,164,1:7:5,public,2016.1.12.
playlist_472,Nikojas,59,1:9:32,private,2017.5.18.
playlist_473,Centrira,861,0:0:10,private,2016.7.8.
playlist_474,Bandiril,278,1:31:17,public,2018.10.18.
playlist_475,Samuzshura,920,2:13:53,private,2017.5.14.
playlist_476,Vudokora,894,0:16:33,private,2020.2.7.
playlist_477,Conn,585,1:6:45,private,2019.3.2.
playlist_478,Zatius,296,2:38:41,private,2020.2.26.
playlist_479,Frostbreaker,656,2:43:26,public,2018.5.25.
playlist_480,Akilkree,60,0:17:21,private,2016.4.27.
playlist_481,Darisar,891,1:52:25,private,2018.9.28.
playlist_482,Kazradal,483,1:4:16,private,2016.1.4.
playlist_483,Mazura,849,2:2:31,private,2020.3.23.
playlist_484,Moongrove,872,2:57:41,public,2020.8.20.
playlist_485,Gataur,797,1:39:28,private,2016.2.8.
playlist_486,Thordibor,174,0:15:3,private,2019.6.22.
playlist_487,Bara,315,2:10:47,private,2018.3.1.
playlist_488,Buzadred,931,1:46:59,public,2019.1.5.
playlist_489,Felozius,448,2:52:29,private,2016.12.9.
playlist_490,Yozshusho,987,1:42:40,public,2017.9.9.
playlist_491,Marinis,896,1:12:7,public,2020.3.7.
playlist_492,Mekinos,700,2:3:40,private,2016.3.26.
playlist_493,Adodwyn,587,2:28:5,public,2016.8.4.
playlist_494,Rageraven,279,2:49:29,public,2016.5.19.
playlist_495,Gavitus,87,1:18:44,public,2017.3.1.
playlist_496,Buzann,770,2:20:26,public,2017.4.24.
playlist_497,Gumuro,374,1:21:49,private,2016.8.6.
playlist_498,Ironwind,52,2:56:14,public,2018.6.16.
playlist_499,Kakora,47,0:40:6,public,2020.10.21.
playlist_500,Maujas,804,0:30:20,public,2017.11.26.
playlist_501,Gravelrunner,140,0:31:48,private,2017.4.9.
playlist_502,Felogelv,365,0:33:32,private,2016.1.18.
playlist_503,Modikus,547,1:41:45,private,2018.5.17.
playlist_504,Doulkree,766,1:50:30,private,2016.2.11.
playlist_505,Doombeard,217,0:4:17,public,2017.11.4.
playlist_506,Grigra,826,1:53:20,public,2018.1.21.
playlist_507,Gokazahn,441,0:56:1,private,2016.11.24.
playlist_508,Shakagor,648,1:22:49,private,2020.10.25.
playlist_509,Beagas,128,0:18:39,public,2019.4.24.
playlist_510,Buzanara,151,2:26:24,public,2016.5.15.
playlist_511,Agamamand,489,1:1:23,private,2018.10.17.
playlist_512,Tholen,757,2:40:13,private,2019.11.23.
playlist_513,Redmane,902,2:30:47,private,2016.6.5.
playlist_514,Spellray,252,0:3:2,public,2016.2.7.
playlist_515,Lainius,248,2:29:41,public,2016.5.24.
playlist_516,Moongrove,872,1:27:51,public,2019.7.6.
playlist_517,Shaliron,645,2:19:21,private,2018.10.15.
playlist_518,Nuari,148,2:11:22,public,2020.10.24.
playlist_519,Madal,850,1:50:48,private,2019.2.19.
playlist_520,Siragar,169,0:26:58,public,2020.9.26.
playlist_521,Nelabar,499,1:33:13,private,2019.12.4.
playlist_522,Visho,545,1:36:5,private,2020.12.15.
playlist_523,Takree,693,0:31:44,public,2016.12.1.
playlist_524,Mariginn,492,1:50:9,private,2019.3.13.
playlist_525,Ghodor,843,0:26:14,private,2020.5.18.
playlist_526,Grorn,813,2:29:42,private,2017.6.11.
playlist_527,Dalagamand,370,1:11:1,private,2017.3.21.
playlist_528,Arashisho,778,1:4:41,private,2017.12.12.
playlist_529,Yggbor,972,0:11:9,public,2019.9.20.
playlist_530,Tauk,427,1:37:1,private,2020.3.18.
playlist_531,Anararim,728,0:7:7,public,2019.4.5.
playlist_532,Gotaxe,749,0:9:34,private,2017.6.2.
playlist_533,Mazule,418,1:5:7,private,2020.4.28.
playlist_534,Whisperstaff,299,2:8:39,private,2020.1.3.
playlist_535,Nightshaper,877,2:57:17,public,2020.3.28.
playlist_536,Purefist,937,0:41:20,public,2017.1.14.
playlist_537,Cezel,90,1:3:51,public,2016.4.19.
playlist_538,Siragar,169,0:49:30,public,2017.7.9.
playlist_539,Kazrajin,8,2:35:23,public,2018.6.14.
playlist_540,Ballarn,297,1:59:37,private,2020.1.21.
playlist_541,Fomeena,61,0:24:11,public,2020.9.4.
playlist_542,Hellstaff,72,0:40:42,public,2017.11.15.
playlist_543,Kakus,438,0:49:20,public,2016.9.12.
playlist_544,Doombeard,217,0:49:51,private,2019.6.26.
playlist_545,Flameworker,222,2:53:47,public,2017.1.16.
playlist_546,Laihuginn,16,1:20:28,private,2016.4.19.
playlist_547,Yozshutaxe,382,0:48:52,private,2019.8.20.
playlist_548,Dosho,401,1:4:34,private,2019.11.1.
playlist_549,Samukree,820,1:56:58,public,2020.2.1.
playlist_550,Beazeron,866,1:1:42,private,2020.10.10.
playlist_551,Truthterror,662,1:58:47,public,2018.5.11.
playlist_552,Shadowbringer,747,0:44:7,private,2020.12.16.
playlist_553,Granin,565,2:37:37,private,2019.2.1.
playlist_554,Blueconjuror,510,2:17:17,private,2016.6.13.
playlist_555,Adorara,829,2:6:33,public,2019.5.28.
playlist_556,Shalizius,177,2:12:13,private,2017.12.27.
playlist_557,Maran,505,0:24:26,private,2017.7.21.
playlist_558,Corus,558,2:6:51,private,2016.10.20.
playlist_559,Mowield,376,0:41:49,private,2017.9.16.
playlist_560,Gavinragrinn,81,0:19:20,private,2017.10.11.
playlist_561,Moradora,570,2:27:14,public,2020.3.11.
playlist_562,Vinris,420,0:30:3,private,2020.11.2.
playlist_563,Saithithis,414,0:8:25,public,2019.1.12.
playlist_564,Kagami,403,2:22:12,private,2016.4.11.
playlist_565,Akinoran,167,1:41:26,public,2016.2.12.
playlist_566,Agalanim,105,1:16:37,private,2020.11.28.
playlist_567,Kishicage,911,0:31:32,public,2018.2.13.
playlist_568,Felhagda,966,2:36:28,public,2017.3.21.
playlist_569,JoJomi,119,2:2:17,private,2018.9.16.
playlist_570,Shakajas,422,0:7:26,private,2017.6.26.
playlist_571,Umtus,745,0:17:10,public,2016.3.7.
playlist_572,Mik,696,1:10:15,public,2019.9.9.
playlist_573,Hugirdin,817,0:16:45,private,2017.8.19.
playlist_574,Muris,409,2:36:51,private,2017.4.24.
playlist_575,Spellfist,38,0:22:17,public,2018.1.21.
playlist_576,Doutilar,855,2:29:55,private,2019.8.18.
playlist_577,Bonn,985,2:5:22,private,2019.3.27.
playlist_578,Gataur,797,0:16:34,public,2020.6.27.
playlist_579,Adorari,602,0:26:38,public,2019.7.14.
playlist_580,Shaktile,353,2:11:53,public,2017.4.4.
playlist_581,Blueconjuror,510,0:11:8,public,2020.4.11.
playlist_582,Modizan,145,2:3:13,private,2017.6.25.
playlist_583,Bular,239,1:54:38,private,2018.8.14.
playlist_584,Cemath,699,2:29:27,public,2019.3.5.
playlist_585,Whiteworm,992,0:29:59,public,2018.6.25.
playlist_586,Gucage,715,0:10:9,private,2016.1.26.
playlist_587,Moongrove,872,2:37:49,public,2020.10.14.
playlist_588,Silverworm,734,0:15:59,private,2019.11.7.
playlist_589,Kazradal,483,2:45:16,public,2020.1.11.
playlist_590,Dok,608,2:21:4,private,2017.4.5.
playlist_591,Felogelv,365,2:29:41,private,2019.7.3.
playlist_592,Samushura,518,0:5:5,public,2020.11.2.
playlist_593,Goltikasa,345,1:43:35,public,2018.5.26.
playlist_594,Delalak,795,0:31:44,public,2019.12.2.
playlist_595,Tesida,575,0:58:38,private,2020.8.25.
playlist_596,Kebandis,635,0:5:12,public,2020.1.6.
playlist_597,Dozius,506,0:15:9,public,2016.2.9.
playlist_598,Delawield,791,1:53:37,private,2016.1.23.
playlist_599,Dakora,639,1:20:22,public,2016.4.18.
playlist_600,Arashigami,659,0:3:42,private,2018.2.21.
playlist_601,Telis,507,0:0:3,private,2016.5.23.
playlist_602,Mavege,600,0:29:36,public,2018.6.7.
playlist_603,Delamath,808,2:48:43,private,2018.5.27.
playlist_604,Gralas,270,1:39:9,public,2019.9.23.
playlist_605,Gataur,797,0:33:27,public,2020.11.1.
playlist_606,Doulkree,766,1:56:13,public,2020.5.17.
playlist_607,Zulura,31,0:19:42,private,2018.1.13.
playlist_608,Yozshugor,598,2:55:50,public,2017.6.7.
playlist_609,Whitefang,895,1:45:35,private,2020.2.7.
playlist_610,Gravelrunner,140,2:1:55,private,2016.4.18.
playlist_611,Nagrinn,13,1:46:59,private,2020.12.14.
playlist_612,Yozshugor,598,2:58:1,private,2020.6.3.
playlist_613,Gokazahn,441,1:17:51,public,2017.9.23.
playlist_614,Maghma,873,0:43:24,public,2018.7.27.
playlist_615,Faesida,111,0:33:51,private,2016.1.22.
playlist_616,Kishicage,911,0:45:34,private,2019.8.23.
playlist_617,Akinokasa,743,0:37:15,public,2019.5.27.
playlist_618,Akinoran,167,2:42:13,public,2017.4.17.
playlist_619,Kishicage,911,0:28:59,private,2019.2.22.
playlist_620,Ganos,168,0:26:43,public,2018.11.26.
playlist_621,Nuadantrius,658,0:39:39,private,2020.12.23.
playlist_622,Saithinrad,617,0:39:42,private,2020.11.11.
playlist_623,Kathrintrius,444,2:39:40,private,2016.4.1.
playlist_624,Perirne,122,0:55:14,public,2016.3.20.
playlist_625,Burdana,825,0:18:18,public,2018.7.14.
playlist_626,Swordbrand,603,1:50:52,public,2018.8.5.
playlist_627,Samushura,518,2:54:33,private,2017.6.13.
playlist_628,Anahelm,726,0:54:43,public,2016.5.3.
playlist_629,Flamedefender,899,0:36:56,private,2020.12.27.
playlist_630,Manos,582,2:36:15,private,2018.4.14.
playlist_631,Oghmaril,224,0:31:19,private,2018.9.7.
playlist_632,Sternwind,322,2:0:56,public,2020.4.9.
playlist_633,Jolar,748,2:27:1,public,2020.9.17.
playlist_634,Rockbrew,408,1:40:44,private,2017.4.8.
playlist_635,Moonfont,924,1:8:57,private,2017.2.24.
playlist_636,Nalmelanim,543,1:33:31,private,2019.6.8.
playlist_637,Shaktimi,455,1:33:20,private,2016.9.1.
playlist_638,Tezar,691,0:41:58,private,2017.7.14.
playlist_639,Cordalak,531,1:55:29,public,2018.6.18.
playlist_640,Goshakar,949,1:31:56,public,2020.4.7.
playlist_641,Akinorg,196,2:32:8,public,2016.11.9.
playlist_642,Cemath,699,1:22:15,public,2017.2.9.
playlist_643,Modirana,277,1:50:49,private,2019.11.13.
playlist_644,Mazule,418,0:37:32,private,2016.8.6.
playlist_645,Marirdin,264,2:25:40,public,2020.4.22.
playlist_646,Manadar,762,2:18:11,public,2017.11.17.
playlist_647,Meztizuru,97,1:34:10,private,2017.4.17.
playlist_648,Arajar,651,0:54:29,public,2019.10.22.
playlist_649,Nelabar,499,0:19:3,private,2020.6.26.
playlist_650,Mazura,849,1:34:36,private,2018.9.28.
playlist_651,Kariel,590,2:3:46,public,2017.10.28.
playlist_652,Ditaxe,811,0:43:32,public,2018.2.28.
playlist_653,Adodor,133,2:55:11,public,2020.10.24.
playlist_654,Manatus,794,2:7:53,private,2020.1.9.
playlist_655,Kuladora,121,1:42:18,public,2017.11.12.
playlist_656,Silverraven,923,1:11:50,public,2018.5.6.
playlist_657,Branrad,955,1:36:29,public,2018.1.13.
playlist_658,Zolosar,392,2:22:53,private,2017.6.7.
playlist_659,Aurinis,20,0:30:23,public,2019.4.23.
playlist_660,Madal,850,1:21:10,private,2018.5.8.
playlist_661,Kazrarn,364,2:34:9,private,2020.9.3.
playlist_662,Gardasar,443,0:58:23,public,2018.6.6.
playlist_663,Anayarana,256,2:44:45,private,2016.3.12.
playlist_664,Spellray,252,0:44:46,public,2019.7.17.
playlist_665,Ishnjurus,607,2:56:25,public,2017.5.20.
playlist_666,Beazeron,866,2:34:13,public,2019.9.10.
playlist_667,Landazius,117,1:4:41,public,2018.6.11.
playlist_668,Adoralune,74,2:0:44,public,2020.8.1.
playlist_669,Doulkree,766,0:8:16,public,2020.7.17.
playlist_670,Samuzshura,920,1:17:38,private,2020.8.23.
playlist_671,Nejar,533,0:17:32,private,2020.5.14.
playlist_672,Kazrajin,8,2:13:29,private,2016.4.4.
playlist_673,Felozius,448,0:6:41,private,2017.2.8.
playlist_674,Kagajin,550,1:39:49,private,2016.12.22.
playlist_675,Truthterror,662,1:51:59,private,2016.8.13.
playlist_676,Teril,126,1:7:58,private,2019.1.28.
playlist_677,Beazerin,701,1:18:45,private,2020.5.7.
playlist_678,Gavikelv,611,2:58:10,public,2016.6.8.
playlist_679,Sirarus,241,1:4:52,public,2020.3.4.
playlist_680,Yggbor,972,2:5:35,public,2017.1.15.
playlist_681,Thordiri,568,2:45:23,public,2018.8.4.
playlist_682,Goltigar,439,0:21:3,public,2017.1.19.
playlist_683,Meran,204,0:37:46,private,2016.4.21.
playlist_684,Truebreaker,456,0:46:34,public,2018.11.13.
playlist_685,Oghmaril,224,2:26:16,public,2019.2.4.
playlist_686,Arashigami,659,1:24:38,private,2020.3.7.
playlist_687,Muktilar,875,0:0:22,private,2017.11.23.
playlist_688,Dakinos,761,0:35:15,private,2017.2.5.
playlist_689,Fenrirr,838,0:30:58,public,2018.10.15.
playlist_690,Gardasar,443,2:29:52,public,2018.12.5.
playlist_691,Akikus,44,2:8:34,private,2017.1.19.
playlist_692,Nualanim,428,0:17:46,private,2019.12.12.
playlist_693,Coidar,155,1:4:2,public,2020.2.2.
playlist_694,Nuadafyn,188,1:5:47,private,2020.9.8.
playlist_695,Ariulas,221,2:24:42,private,2020.8.19.
playlist_696,Kerandis,965,1:17:47,private,2019.9.1.
playlist_697,Thetariel,419,2:2:9,public,2019.10.26.
playlist_698,Gucage,715,1:14:35,public,2020.2.11.
playlist_699,Samukree,820,1:59:8,private,2018.5.3.
playlist_700,Miraath,841,1:42:35,private,2017.1.15.
playlist_701,Manazius,900,2:24:50,public,2019.7.10.
playlist_702,Kirirad,26,1:21:42,private,2019.2.24.
playlist_703,Ganos,168,0:40:12,private,2017.12.7.
playlist_704,Fausar,925,2:33:20,private,2018.12.11.
playlist_705,Teril,126,1:37:26,private,2020.9.28.
playlist_706,Tojagal,768,1:56:33,private,2020.3.25.
playlist_707,Muris,409,0:23:57,private,2018.9.21.
playlist_708,Mirazel,347,2:19:26,public,2017.6.5.
playlist_709,Direwarden,541,0:54:5,public,2017.11.13.
playlist_710,Dagdamath,999,0:49:25,private,2020.6.7.
playlist_711,Kilabar,954,0:14:58,public,2016.11.15.
playlist_712,Kazijar,11,2:23:54,private,2018.1.26.
playlist_713,Opira,686,1:54:59,private,2017.12.20.
playlist_714,Kameena,378,0:39:45,private,2019.1.11.
playlist_715,Munirim,246,2:39:31,private,2016.3.23.
playlist_716,Zulkilrajas,610,0:4:34,private,2019.11.3.
playlist_717,Whisperpick,460,0:28:54,public,2020.1.11.
playlist_718,Kasida,998,1:25:35,public,2020.3.21.
playlist_719,Blackbinder,380,1:48:27,private,2016.5.4.
playlist_720,Terana,652,0:17:1,private,2019.2.7.
playlist_721,Fotus,435,0:51:8,private,2017.11.1.
playlist_722,Nathis,643,1:28:9,private,2018.12.14.
playlist_723,Malis,447,1:2:17,private,2016.6.15.
playlist_724,Sai,421,2:13:18,private,2018.10.17.
playlist_725,Morlunadar,946,1:4:1,private,2017.1.3.
playlist_726,Nikoran,291,1:52:51,private,2020.7.17.
playlist_727,Nakora,528,0:36:57,public,2018.1.18.
playlist_728,Mavewyn,628,0:56:10,private,2019.5.25.
playlist_729,Beatius,566,1:57:28,public,2017.12.27.
playlist_730,Goldeneye,690,1:49:7,private,2016.9.26.
playlist_731,Kazijar,11,0:57:42,public,2020.3.5.
playlist_732,Tujas,636,0:9:1,private,2016.6.21.
playlist_733,Broaddweller,63,0:31:41,private,2017.12.21.
playlist_734,Dozahn,172,2:54:7,public,2018.11.7.
playlist_735,Nidred,644,0:10:55,private,2017.12.22.
playlist_736,Samukree,820,1:18:34,public,2018.6.2.
playlist_737,Ceredor,415,2:10:37,public,2018.12.13.
playlist_738,Spellfist,38,2:3:12,private,2018.11.9.
playlist_739,Bladewood,283,2:16:33,public,2019.2.12.
playlist_740,Arazuru,451,1:45:35,private,2016.12.25.
playlist_741,Windmane,885,0:29:26,public,2017.5.11.
playlist_742,Vudokora,894,0:49:29,public,2018.2.26.
playlist_743,Malasho,752,1:54:46,private,2017.1.11.
playlist_744,Arashikasa,137,0:54:33,private,2019.4.11.
playlist_745,Dugami,96,2:28:31,private,2016.5.4.
playlist_746,Modirana,277,0:33:29,private,2017.12.26.
playlist_747,Chillrunner,772,1:22:55,private,2019.9.8.
playlist_748,Thetalace,472,1:35:11,public,2020.8.12.
playlist_749,Akigis,338,2:42:29,public,2018.1.19.
playlist_750,Zolozil,588,1:0:8,private,2019.11.21.
playlist_751,Buzalen,930,0:4:52,private,2018.10.28.
playlist_752,Whispersinger,94,1:54:21,private,2020.12.2.
playlist_753,Jujora,235,2:19:57,private,2020.4.5.
playlist_754,Ariumeena,293,2:14:7,public,2019.9.6.
playlist_755,Molune,742,1:58:27,private,2017.1.18.
playlist_756,Dianari,123,1:11:36,private,2018.2.6.
playlist_757,Vudojora,630,0:29:41,public,2016.7.11.
playlist_758,Buth,433,2:27:25,public,2017.10.7.
playlist_759,Siragar,169,0:3:25,public,2017.5.20.
playlist_760,Dagda,714,1:59:7,private,2017.11.16.
playlist_761,Agamanrad,698,1:5:57,public,2016.9.12.
playlist_762,Moradora,570,2:56:6,private,2020.4.16.
playlist_763,Duzahn,697,0:18:38,private,2017.11.3.
playlist_764,Hugirin,773,1:49:41,public,2017.2.9.
playlist_765,Umth,888,1:51:10,public,2019.12.26.
playlist_766,Hugirin,773,1:12:37,public,2017.6.8.
playlist_767,Mavewyn,628,2:3:3,public,2016.9.5.
playlist_768,Gohn,535,1:41:25,private,2020.10.28.
playlist_769,Thorgakelv,913,2:7:34,private,2017.11.16.
playlist_770,Ma,798,0:19:27,private,2016.8.10.
playlist_771,Oghmaginn,106,0:51:52,private,2016.5.22.
playlist_772,Salabar,670,2:38:37,public,2018.1.24.
playlist_773,Goltikasa,345,0:15:3,public,2020.5.22.
playlist_774,Morarim,837,1:25:14,public,2020.3.8.
playlist_775,Tholen,757,1:49:22,public,2017.7.22.
playlist_776,Mit,993,1:12:50,private,2019.11.27.
playlist_777,Visho,545,2:50:6,public,2016.5.22.
playlist_778,Diana,996,0:25:36,private,2017.4.20.
playlist_779,Goltijind,970,1:29:24,public,2018.12.3.
playlist_780,Alsardin,75,1:27:15,public,2020.2.14.
playlist_781,Tethis,688,2:1:20,private,2016.8.20.
playlist_782,Ariurad,711,2:6:29,public,2019.10.26.
playlist_783,Ballath,958,2:22:19,public,2016.3.12.
playlist_784,Frostbreaker,656,0:51:11,private,2016.11.11.
playlist_785,Bandigar,906,2:2:28,public,2016.12.13.
playlist_786,Beazezar,802,0:52:49,public,2017.9.19.
playlist_787,Painfire,596,1:56:11,public,2020.7.7.
playlist_788,Daizragore,632,0:45:50,private,2019.6.25.
playlist_789,Larin,482,2:3:34,public,2019.4.14.
playlist_790,Thonn,830,0:58:39,private,2016.8.14.
playlist_791,Domi,685,0:49:12,private,2020.5.28.
playlist_792,Talrajas,809,1:16:55,public,2019.3.24.
playlist_793,Oghmaril,224,2:5:39,private,2018.3.27.
playlist_794,Saithirius,30,2:57:29,public,2019.1.4.
playlist_795,Malamuro,739,2:31:54,public,2016.2.2.
playlist_796,Celanim,744,0:23:27,private,2020.12.26.
playlist_797,Kajikree,828,1:21:30,private,2019.8.19.
playlist_798,Thorgaghma,161,2:57:49,public,2019.3.19.
playlist_799,Kazradal,483,0:27:28,public,2019.12.6.
playlist_800,Darn,131,0:43:29,private,2020.6.18.
playlist_801,Spellraven,78,2:27:25,public,2016.9.9.
playlist_802,Centrirgas,27,0:43:35,public,2017.3.24.
playlist_803,Felhagda,966,0:29:24,public,2017.1.16.
playlist_804,Mezira,135,0:6:46,private,2018.2.24.
playlist_805,Mnedi,437,0:49:16,public,2018.4.9.
playlist_806,Akinoran,167,0:2:44,private,2018.11.26.
playlist_807,Maran,505,2:10:36,private,2017.11.6.
playlist_808,Netilar,471,1:48:15,public,2017.3.20.
playlist_809,Grocage,667,1:44:10,public,2020.5.26.
playlist_810,Shalirn,534,2:25:15,private,2020.9.8.
playlist_811,Cerern,712,2:48:8,public,2020.9.14.
playlist_812,Modirana,277,2:22:37,private,2016.5.22.
playlist_813,Felhari,110,0:49:57,public,2017.3.17.
playlist_814,Yggfym,124,1:6:3,private,2020.10.28.
playlist_815,Sternwind,322,0:34:59,private,2018.2.20.
playlist_816,Faukora,399,2:33:29,public,2020.12.13.
playlist_817,Burige,477,0:50:46,private,2019.12.7.
playlist_818,Arashiran,257,0:37:36,private,2020.3.26.
playlist_819,Jolar,748,1:23:56,private,2020.4.12.
playlist_820,Molune,742,2:49:2,public,2020.5.15.
playlist_821,Bloodwind,313,0:37:34,private,2016.5.18.
playlist_822,Darkbreaker,377,2:59:8,private,2018.6.18.
playlist_823,Bladewood,283,0:45:27,public,2019.6.18.
playlist_824,Yozshushicage,509,1:29:5,public,2020.7.5.
playlist_825,Mnefyn,390,1:38:41,private,2019.6.7.
playlist_826,Gavidar,199,0:21:48,private,2020.7.10.
playlist_827,Manos,582,2:42:58,public,2018.2.1.
playlist_828,Miralbine,102,2:29:26,private,2019.10.13.
playlist_829,Corius,445,2:50:22,public,2018.6.15.
playlist_830,Murgas,149,2:28:41,private,2018.10.23.
playlist_831,Dorinis,683,1:13:49,public,2018.3.21.
playlist_832,Terr,255,2:59:39,private,2017.2.8.
playlist_833,Modilak,619,1:2:29,private,2016.10.12.
playlist_834,Ianrus,592,2:54:30,private,2018.9.1.
playlist_835,Gavinramath,516,1:48:31,private,2019.5.5.
playlist_836,Agamabandis,58,0:21:48,public,2018.1.24.
playlist_837,Moonmane,501,2:18:8,private,2020.4.22.
playlist_838,Opirad,342,2:56:17,public,2016.4.24.
playlist_839,Fotus,435,0:39:8,public,2017.9.19.
playlist_840,Zulular,194,0:16:6,private,2016.8.22.
playlist_841,Bodi,495,2:51:22,public,2017.8.3.
playlist_842,Taulrajas,301,0:16:40,public,2020.12.11.
playlist_843,Botus,10,0:45:43,public,2019.6.22.
playlist_844,Thodar,988,1:36:40,public,2016.9.26.
playlist_845,Codi,719,1:8:2,private,2019.9.21.
playlist_846,Siralv,995,1:30:22,public,2019.3.5.
playlist_847,Anararim,728,0:8:52,private,2018.7.24.
playlist_848,Voodoojas,738,0:0:40,private,2016.1.13.
playlist_849,Malondis,684,2:8:22,public,2020.5.15.
playlist_850,Malagore,316,0:11:13,private,2019.12.28.
playlist_851,Broadfang,977,1:48:8,private,2016.8.8.
playlist_852,Blueconjuror,510,2:50:48,private,2018.6.5.
playlist_853,Vuran,98,1:8:19,private,2017.1.28.
playlist_854,Starmoon,104,1:54:16,public,2020.12.5.
playlist_855,Ironseeker,880,0:59:1,private,2020.4.18.
playlist_856,Nilanius,311,0:20:52,public,2016.6.26.
playlist_857,Kakora,47,1:39:33,private,2017.7.8.
playlist_858,Ballarn,297,0:43:34,public,2019.4.17.
playlist_859,Ironseeker,880,0:52:3,public,2020.3.25.
playlist_860,Virisar,709,2:15:11,private,2018.8.28.
playlist_861,Mnefyn,390,2:27:33,private,2019.3.27.
playlist_862,Jusar,343,0:47:53,private,2019.2.24.
playlist_863,KargasThunderbourne,800,0:0:45,public,2016.11.26.
playlist_864,Nikonris,616,2:44:39,public,2016.3.3.
playlist_865,Agamalsa,936,2:34:13,private,2019.1.23.
playlist_866,Faujind,32,1:53:23,public,2018.9.14.
playlist_867,Mageraven,775,0:41:16,public,2016.5.8.
playlist_868,Balladodred,43,0:21:28,private,2017.5.12.
playlist_869,Ariuath,164,1:28:13,private,2020.2.24.
playlist_870,Zologis,969,2:32:5,public,2020.5.16.
playlist_871,Meztidal,369,0:10:29,private,2019.5.14.
playlist_872,Malondis,684,1:22:13,public,2019.10.8.
playlist_873,Doulkree,766,2:55:26,private,2019.3.21.
playlist_874,Moditus,953,1:9:59,public,2019.9.6.
playlist_875,Nelabar,499,2:44:45,private,2017.3.16.
playlist_876,Shakaran,144,1:49:8,public,2017.5.11.
playlist_877,Pelen,781,2:35:56,private,2020.4.8.
playlist_878,Pelen,781,0:16:35,public,2016.6.21.
playlist_879,Gavinrahelm,986,2:23:40,private,2018.4.11.
playlist_880,Mamuro,261,0:51:5,private,2018.2.8.
playlist_881,Corus,558,2:7:46,private,2020.11.22.
playlist_882,Kantrius,1000,1:51:48,public,2018.7.26.
playlist_883,Bralore,125,0:44:37,private,2016.5.4.
playlist_884,Mall,522,1:54:3,public,2016.8.3.
playlist_885,Hellwood,474,1:49:40,public,2017.11.17.
playlist_886,Delallador,789,2:48:32,private,2018.5.2.
playlist_887,Dazuru,337,0:40:24,public,2016.4.6.
playlist_888,Perikelv,12,2:32:40,public,2020.12.12.
playlist_889,Hellstaff,72,0:41:37,public,2018.1.23.
playlist_890,Folas,994,1:8:9,private,2019.10.23.
playlist_891,Thetafym,803,1:58:12,public,2020.3.19.
playlist_892,Tholen,757,0:10:37,public,2019.6.1.
playlist_893,Tanris,689,2:3:35,public,2020.7.25.
playlist_894,Dazuru,337,0:27:12,public,2017.1.13.
playlist_895,Maujas,804,2:23:43,public,2016.1.27.
playlist_896,Mazumi,921,0:53:20,public,2020.8.13.
playlist_897,Mekinos,700,0:25:43,public,2019.2.17.
playlist_898,Thorgaghma,161,1:3:27,public,2019.12.1.
playlist_899,Ironfont,974,2:30:44,public,2017.3.15.
playlist_900,Conjugrinn,554,0:49:59,private,2018.1.6.
playlist_901,Whispersinger,94,1:17:22,public,2020.12.24.
playlist_902,Thetadwyn,776,0:3:32,private,2017.3.15.
playlist_903,Fordrejurus,240,1:48:53,public,2016.8.15.
playlist_904,Kagajin,550,1:41:48,private,2018.8.13.
playlist_905,Ariurad,711,1:37:43,private,2017.5.8.
playlist_906,Gogal,153,2:24:48,public,2020.3.14.
playlist_907,Rexbrew,682,0:57:8,public,2016.3.19.
playlist_908,Araramar,165,2:2:33,public,2016.12.18.
playlist_909,Corus,558,2:55:57,private,2020.11.24.
playlist_910,Tushura,466,0:3:58,public,2016.1.4.
playlist_911,Hunis,42,2:50:22,private,2017.12.7.
playlist_912,Silverraven,923,2:30:53,public,2018.9.27.
playlist_913,Shalizius,177,2:18:9,public,2020.6.18.
playlist_914,Nelabar,499,0:58:57,public,2016.10.1.
playlist_915,Tygranius,529,1:4:34,private,2019.1.7.
playlist_916,Andromadora,36,2:27:12,private,2017.9.17.
playlist_917,Salabar,670,1:2:33,public,2019.12.14.
playlist_918,Anararim,728,1:3:22,public,2020.7.28.
playlist_919,Cezel,90,2:42:23,public,2016.2.8.
playlist_920,Cokus,493,0:47:29,private,2017.11.25.
playlist_921,Faukora,399,0:19:20,private,2017.3.22.
playlist_922,Nualanim,428,2:34:19,public,2020.8.17.
playlist_923,Nisida,473,0:34:48,public,2019.8.3.
playlist_924,Kegor,853,2:6:29,private,2017.1.15.
playlist_925,Nikodal,908,0:32:49,public,2017.12.19.
playlist_926,Gavithris,115,0:12:46,private,2016.3.13.
playlist_927,Yozshusho,987,1:55:12,private,2017.12.8.
playlist_928,Adorara,829,2:30:58,public,2016.11.8.
playlist_929,Rainsmasher,285,0:54:9,public,2018.7.27.
playlist_930,Dagdalsa,323,2:50:47,private,2016.3.21.
playlist_931,Dora,236,0:18:32,private,2016.10.20.
playlist_932,Thetabor,269,1:59:17,private,2017.8.17.
playlist_933,Redray,304,1:34:56,private,2018.10.10.
playlist_934,Oghmaril,224,0:29:50,private,2018.5.12.
playlist_935,Vonris,763,0:35:2,public,2016.6.16.
playlist_936,Adonn,226,1:47:12,public,2017.4.10.
playlist_937,Arashisida,430,2:41:49,public,2020.1.7.
playlist_938,Thordisius,615,0:59:25,public,2016.11.18.
playlist_939,Malondis,684,1:9:5,public,2016.1.1.
playlist_940,Nelabar,499,1:52:15,private,2018.11.9.
playlist_941,Cordari,185,0:26:49,public,2020.10.23.
playlist_942,Shakagor,648,0:36:5,private,2019.2.19.
playlist_943,Bralore,125,1:45:21,public,2018.5.16.
playlist_944,Gavinragrinn,81,0:17:58,private,2017.10.1.
playlist_945,Kebandis,635,2:39:57,public,2016.10.1.
playlist_946,Buzalen,930,1:55:26,private,2020.8.15.
playlist_947,Gholbilar,469,0:11:22,public,2017.8.13.
playlist_948,Cenara,934,1:52:43,private,2020.9.28.
playlist_949,Perizius,182,1:8:2,public,2016.6.18.
playlist_950,Moonrunner,737,1:29:36,public,2020.7.7.
playlist_951,Tojadal,889,1:30:11,public,2018.3.19.
playlist_952,Nualune,928,2:59:39,private,2019.7.14.
playlist_953,Samukree,820,0:34:4,public,2018.11.13.
playlist_954,Thoath,295,0:29:24,public,2018.8.18.
playlist_955,Karg,680,1:27:6,public,2017.7.1.
playlist_956,Beagas,128,1:10:3,private,2016.2.15.
playlist_957,Ianrne,939,2:41:35,private,2016.8.23.
playlist_958,Folas,994,2:48:18,private,2020.12.13.
playlist_959,Moogulrajas,475,0:53:47,private,2018.3.12.
playlist_960,Ishnhelm,29,2:32:48,public,2019.3.25.
playlist_961,Lalanim,929,1:44:4,private,2017.10.22.
playlist_962,Modilak,619,1:42:28,public,2019.5.16.
playlist_963,Bladewood,283,2:0:23,public,2016.3.7.
playlist_964,Cordameena,868,1:27:49,private,2020.7.14.
playlist_965,Celen,786,1:49:22,public,2016.7.27.
playlist_966,Vom,84,1:6:36,public,2017.10.23.
playlist_967,Kazradal,483,1:33:58,public,2018.9.20.
playlist_968,Aurinis,20,2:34:15,private,2017.7.12.
playlist_969,Ananara,292,2:7:19,public,2016.5.23.
playlist_970,Aralrajas,201,1:30:20,private,2016.12.4.
playlist_971,Karg,680,1:16:22,public,2020.4.4.
playlist_972,Te,777,2:34:33,private,2018.5.2.
playlist_973,Mathis,695,0:7:58,public,2020.9.12.
playlist_974,Shaliron,645,1:18:45,private,2019.8.22.
playlist_975,Mogami,704,2:55:48,private,2017.2.22.
playlist_976,Ganin,233,0:22:18,private,2020.6.17.
playlist_977,Starfont,723,1:26:47,public,2016.8.11.
playlist_978,Gogal,153,0:2:30,public,2020.2.26.
playlist_979,Malosida,834,2:44:1,private,2020.11.2.
playlist_980,Kirirad,26,1:22:2,private,2020.1.21.
playlist_981,Burithis,24,2:30:42,private,2016.8.12.
playlist_982,Gavinragrinn,81,0:37:28,private,2018.9.27.
playlist_983,Modilanim,286,0:23:4,private,2017.9.25.
playlist_984,Spellraven,78,2:23:41,private,2019.3.12.
playlist_985,Saithirius,30,1:39:5,public,2019.5.7.
playlist_986,Andromahelm,491,1:14:56,public,2017.5.4.
playlist_987,Centrirgas,27,1:23:55,private,2020.5.8.
playlist_988,Teron,454,2:20:17,private,2018.6.26.
playlist_989,Sternfire,458,2:21:2,public,2019.12.3.
playlist_990,Ceth,976,1:19:13,private,2017.4.10.
playlist_991,Lightwing,655,2:2:34,public,2019.12.7.
playlist_992,Ishnzel,722,0:30:32,private,2016.1.13.
playlist_993,Morius,385,1:30:27,public,2018.4.24.
playlist_994,Celanim,744,2:1:26,public,2016.10.5.
playlist_995,Moonfont,924,0:45:1,public,2016.9.10.
playlist_996,Akinozilkree,424,0:25:10,private,2017.1.19.
playlist_997,Miraath,841,0:52:51,private,2020.11.9.
playlist_998,Zulkilrajas,610,0:37:22,public,2019.12.28.
playlist_999,Fohelm,933,2:1:10,private,2019.11.6.
playlist_1000,Bazilkree,218,2:15:28,private,2020.5.7.
