What I've Done,Elvis Presley,2009.8.2.,00:2:44,for training
Time of Dying,Elton John,1994.10.6.,00:3:40,for children
Badala Zamana,Bob Dylan,1996.11.12.,00:1:24,for parties
Heavier,The Beatles,2005.8.14.,00:4:45,for children
Super Trouper,Eric Clapton,1978.4.12.,00:1:36,feats
BURN IT DOWN,Queen,1990.7.25.,00:4:11,selection of experts
Stronger,Rod Stewart,2000.8.8.,00:1:48,charts
Let's Groove,Johnny Cash,1984.5.16.,00:3:50,charts
Fantasy,Van Morrison,2010.1.6.,00:2:19,for children
Hands Up,The Beach Boys,2013.2.20.,00:3:24,for children
Excuses,Prince,1996.10.24.,00:2:53,feats
Believer,Bruce Springsteen,2014.9.25.,00:1:8,at work
Get Lucky,The Rolling Stones,2017.10.3.,00:3:12,for training
Lovely,Perry Como,1975.3.23.,00:1:49,for children
Woman,AC/DC,1994.2.17.,00:3:44,for trips
INDUSTRY BABY,George Strait,1994.1.27.,00:2:1,for children
willow,David Bowie,1981.11.15.,00:2:26,new releases
Dynamite,Aerosmith,2012.8.22.,00:4:51,new releases
Fuck That,Sarah Brightman,1972.5.10.,00:3:55,charts
Over and Over,Reba McEntire,2019.10.15.,00:3:37,charts
I Gotta Be Me,Michael Jackson,1988.4.3.,00:2:59,charts
Sunshine,Eminem,1984.9.28.,00:4:18,soundtracks
Leck,James Taylor,2013.5.18.,00:1:30,for running
A Million On My Soul,Madonna,1979.6.17.,00:1:42,at work
Whenever You're Ready (Acoustic),The Clash,1973.9.25.,00:1:38,soundtracks
Frozen,Kris Kristofferson,2020.10.7.,00:2:13,for children
Sugar,Alice Cooper,2014.1.28.,00:1:51,new releases
Gangsta's paradise,Kiss,1990.7.16.,00:4:40,for running
Whenever Wherever,Neil Young,2020.3.15.,00:2:10,charts
Crawling,Starset,2007.9.26.,00:3:20,charts
Somewhere Only We Know,Dua Lipa,2012.11.24.,00:2:11,at work
Understand Your Man,Normandie,2006.10.25.,00:1:15,soundtracks
My Life Is Going On,Linked Horizon,1994.3.23.,00:3:32,on the way
Cut Me Loose,Muse,1994.11.4.,00:2:18,feats
rockstar,Coldplay,2015.11.14.,00:4:15,for children
Heavier,Paramore,1999.5.19.,00:4:3,popular hits
Say It Right,Bring Me The Horizon,2010.2.4.,00:1:17,for running
Freed From Desire,Cardi B,1970.12.20.,00:1:25,for trips
Never Going Home,Oasis,1992.10.8.,00:2:35,for children
Sweet Dreams,Black Sabbath,2013.1.2.,00:2:39,for training
Survival,Blur,1983.7.18.,00:2:12,for training
Wasting My Youth,Arctic Monkeys,1997.8.28.,00:2:11,charts
Somebody That I Used To Know,The Smiths,2003.4.14.,00:4:28,popular hits
Uno,The Cure,2017.4.1.,00:4:52,for trips
Losing My Mind,Depeche Mode,2004.6.4.,00:4:28,new releases
Badala Zamana,Placebo,2018.7.17.,00:3:43,for children
Mood Ring,One Direction,1999.5.28.,00:3:34,selection of experts
Diego,Harry Styles,1978.10.3.,00:4:59,soundtracks
Fake I.D,Machine Gun Kelly,2008.8.16.,00:4:52,at home
Who's They,The Prodigy,1978.3.6.,00:4:45,for parties
Together,BTS,2019.3.26.,00:1:42,feats
No Love (feat. Lil Wayne),Blackpink,2008.6.27.,00:2:23,charts
Fly Away,Deep Purple,1972.12.24.,00:1:30,for training
Forgotten,Gorillaz,2004.6.11.,00:2:49,soundtracks
Prayers,Christina Aguilera,1990.6.25.,00:2:14,for trips
Summertime Shootout,Britney Spears,2011.10.2.,00:3:21,at home
All Star,Editors,1999.8.27.,00:3:39,at work
Idfc,Our Last Night,2019.3.3.,00:3:30,feats
I Love You I Hate You,Sex Pistols,2003.10.13.,00:4:55,for parties
Summer Of Love,The Killers,1976.11.2.,00:3:28,selection of experts
Meet Me At Our Spot,Florence + the Machine,2017.5.25.,00:2:33,soundtracks
Summer 91 (Looking Back),Amy Winehouse,1991.11.23.,00:2:23,for parties
Pump Up The Jam,Sia,2001.7.28.,00:2:7,charts
Breathe,P!nk,1980.4.12.,00:2:14,popular hits
On The Ground,Genesis,1990.9.10.,00:4:14,selection of experts
Love Or Lust,Beyonce,1980.6.24.,00:4:56,popular hits
Beautiful Madness,Kelly Clarkson,1984.7.23.,00:3:1,feats
Lost (reimagined),Enter Shikari,1977.9.21.,00:3:54,for training
Jail,Black Veil Brides,2003.12.14.,00:1:44,for children
Harleys In Hawaii,Skillet,2009.7.4.,00:4:53,popular hits
Riot,The Neighbourhood,2007.10.5.,00:3:12,for training
No Love (feat. Lil Wayne),Shakira,2005.2.5.,00:4:29,for running
If You Ever Leave I'm Coming with You,Fall Out Boy,2015.9.5.,00:2:8,charts
Unstoppable,Panic! At The Disco,1972.10.18.,00:4:52,at work
I Want It All,I See Stars,1970.7.8.,00:1:31,for running
Hear My Voice,Caskets,1983.1.4.,00:1:30,for children
Can't Stop,Scorpions,1990.11.14.,00:3:31,for training
Build a Bitch,System Of A Down,2017.8.16.,00:2:6,for trips
24/5,Zero Horizon,2001.3.9.,00:1:57,soundtracks
Lovefool,All Time Low,2013.6.20.,00:2:2,for training
Butter,Imagine Dragons,1975.3.9.,00:4:47,for running
Idfc,Annisokay,1989.9.18.,00:1:51,for children
Talk to a Friend,Hollywood Undead,1993.9.14.,00:4:5,at home
Seven Wonders,A Day To Remember,2003.10.8.,00:3:11,at work
Montero (Call Me By Your Name),Rise Against,2012.1.18.,00:4:57,selection of experts
Sex Machine,I Prevail,1998.10.14.,00:3:21,at home
Wrecked,Falling In Reverse,1987.8.5.,00:4:9,selection of experts
Another Brick In The Wall,My Chemical Romance,1991.8.18.,00:1:59,for running
ocean view,Crown The Empire,2012.5.21.,00:2:59,at home
Iron,Bad Omens,1998.7.16.,00:1:42,at home
If You Really Love Me (How Will I Know),Royal Blood,2013.5.10.,00:2:1,new releases
The Business,Wildways,2006.6.6.,00:2:19,at work
The Secret He Had Missed,Slaves,2015.6.13.,00:2:48,for trips
In Your Eyes,FEVER33,2016.1.18.,00:2:46,at work
Atlas Falls,Нервы,1997.6.21.,00:1:23,at home
In Da Getto,Валерий Меладзе,1989.4.6.,00:3:43,for children
Morrow,Lana Del Ray,2007.10.19.,00:4:24,for running
Somebody That I Used To Know,Linkin Park,2016.1.5.,00:3:17,at home
No Love (feat. Lil Wayne),Arash,1996.10.26.,00:4:20,charts
Can't Feel My Face,Enrique Iglesias,2001.10.26.,00:4:20,charts
Essence,Sting,1994.7.11.,00:4:47,at home
Always On My Mind,Inna,1976.3.27.,00:1:33,at home
What I've Done,Rihanna,1996.1.28.,00:3:33,for children
Essence,Scooter,2001.6.21.,00:1:15,for training
Wrecked,Stray Kids,2019.7.25.,00:1:7,at home
Freed From Desire,Måneskin,2013.3.26.,00:4:19,on the way
Strange Effect,Slipknot,2015.12.5.,00:2:37,new releases
Better Days,50 Cent,2004.3.9.,00:4:7,on the way
Wasted Love,Celine Dion,2004.3.6.,00:1:50,charts
Hands Up,Minelli,2008.8.8.,00:1:2,feats
traitor,Evanescence,2015.10.15.,00:2:49,new releases
Livin' In A World Without You,The Weeknd,1976.9.4.,00:3:17,at work
24/5,The Offspring,1971.6.15.,00:3:21,soundtracks
Rampampam,Nirvana,2018.11.22.,00:3:29,for running
DIvision Symbols,Akcent,1998.8.26.,00:2:9,popular hits
Harleys In Hawaii,Lara Fabian,2011.9.9.,00:4:24,charts
Dance Monkey,K-Maro,1993.12.1.,00:2:2,for children
I Don't Want You,The Rasmus,1971.7.3.,00:2:35,for running
Are You Lonesome Tonight?,Disturbed,2006.8.4.,00:4:54,charts
How Can I Make It OK?,Ava Max,1987.10.23.,00:3:45,for children
Take Me Away,Pink,2019.7.24.,00:2:16,feats
Freed From Desire,Lil Nas X,1983.3.8.,00:3:4,at work
Bleed It Out,Lady Gaga,1996.7.16.,00:3:4,charts
Frozen,Nickelback,1982.12.7.,00:2:14,at home
Over and Over,ATB,1983.1.7.,00:1:50,for parties
Desert Rose,David Guetta,2019.10.10.,00:3:34,for parties
I'm Gonna Be (500 Miles),Rammstein,2003.11.7.,00:3:2,on the way
If It's Love,Alizee,2016.9.10.,00:2:56,popular hits
I WANT YOU BACK,Pitbull,2019.5.8.,00:3:52,for trips
Wannabe,Twenty One Pilots,2013.5.27.,00:4:8,for running
Secrets,Bryan Adams,1992.1.8.,00:4:31,for training
Come Together,Selena Gomez,1974.9.23.,00:4:55,for trips
Afterglow,Doja Cat,1970.3.27.,00:1:15,for children
Boyz N Da Club,Whitney Houston,2017.8.23.,00:1:47,charts
BED,Dj Aligator,2013.12.16.,00:2:31,for training
In the End,Sade,1996.6.13.,00:4:56,on the way
Iron,Three Days Grace,1986.9.14.,00:1:14,for training
Am I Wrong,Ghostemane,1994.9.23.,00:1:57,selection of experts
Rolling In The Deep,Ed Sheeran,1973.10.5.,00:1:35,for children
Heat Waves,Justin Timberlake,2007.9.7.,00:3:18,at work
Fountains,Ariana Grande,1978.7.4.,00:3:59,for running
Cut Me Loose,Oliver Tree,2016.9.13.,00:1:18,feats
Moustache,Akon,2017.5.10.,00:3:51,on the way
Leave Before You Love Me,Moby,1987.2.27.,00:1:26,on the way
BED,Iron Maiden,2009.1.18.,00:1:59,charts
Impossible,Ozzy Osbourne,1996.4.10.,00:1:10,soundtracks
Salt,LP,1998.10.19.,00:2:20,selection of experts
Crawling,Mustafa Sandal,1977.8.8.,00:3:12,for training
Footprints,DMX,1989.7.11.,00:1:24,selection of experts
2055,Bon Jovi,1973.2.24.,00:4:43,for running
Fly Away,Powerwolf,1995.8.20.,00:1:59,popular hits
Kissing Strangers,Manowar,2006.7.17.,00:1:2,at work
Everything Fades,Armin van Buuren,1970.6.3.,00:1:39,popular hits
Need You Now,Red Hot Chili Peppers,1981.3.24.,00:2:47,selection of experts
Ways To Disappear,Guns N' Roses,2016.4.20.,00:4:7,feats
Roses,Backstreet Boy,2020.3.5.,00:2:5,new releases
Woman,Era,1979.3.5.,00:1:6,for training
Touch OFF,Hurts,2005.9.18.,00:4:12,on the way
Shivers,Snoop Dogg,2006.1.11.,00:1:16,soundtracks
She Knows,Plazma,1973.11.8.,00:1:10,for training
Shivers,Limp Bizkit,1999.10.23.,00:2:41,new releases
I Miss the Misery,XXXTentacion,1971.11.2.,00:3:20,on the way
The Windmills Of Your Mind,Lian Ross,2011.4.25.,00:4:34,for parties
Bad Romance,Crazy Frog,2009.3.13.,00:1:33,charts
Rolling In The Deep,Maroon 5,2020.7.14.,00:4:38,feats
Stronger,Jennifer Lopez,1985.7.14.,00:3:26,for running
Zombie,Benny Benassi,1999.2.24.,00:4:51,for training
Eagle,Justin Bieber,1985.7.5.,00:2:37,for trips
Run Run,Avril Lavigne,1973.1.21.,00:3:16,at work
Hear My Voice,Myriam Fares,1997.12.4.,00:3:54,at work
Secrets,Imany,1970.1.12.,00:3:17,for running
Collard Greens,Nightwish,2017.1.6.,00:3:41,at home
Sympathy For The Devil,Korn,2016.10.26.,00:4:18,new releases
End Of Me,Nancy Ajram,1977.4.24.,00:2:35,feats
Bad Habits,Katy Perry,2008.9.27.,00:3:30,on the way
I Miss the Misery,Haddaway,2001.11.22.,00:1:50,charts
Dynamite,George Michael,1975.5.4.,00:1:14,on the way
Gyalis,Ice Mc,1977.3.19.,00:3:1,charts
Cover Me In Sunshine,Evan Band,1977.9.9.,00:3:44,new releases
Aerials,Bruno Mars,1984.12.7.,00:3:8,for running
Holiday,Space,1991.3.20.,00:3:27,on the way
Heartbreak Anthem,Dava,1982.7.26.,00:1:26,charts
Losing My Mind,Halsey,1996.1.12.,00:1:47,feats
DIvision Symbols,Lil Peep,2007.12.11.,00:3:41,for running
La di die,Travis Scott,2013.9.23.,00:3:23,soundtracks
U + Ur Hand,Xcho,2000.4.9.,00:2:5,new releases
Dance Monkey,Black Eyed Peas,1988.4.10.,00:2:30,for parties
Kingston Town,System of a Down,2008.11.11.,00:4:4,for children
Can't Feel My Face,Escape,2018.3.8.,00:3:47,for parties
Lovefool,Jason Derulo,2007.3.27.,00:2:55,selection of experts
Therefore I Am,Nataliya,2002.4.16.,00:2:55,at home
Morrow,ZZ Top,2006.1.16.,00:3:25,for trips
In Da Getto,Rafet El Roman,2004.8.20.,00:2:39,for children
You and I,Enya,2014.10.28.,00:2:19,at home
With You,Nelly Furtado,2006.8.28.,00:1:37,new releases
Won't Get Fooled Again,Marilyn Manson,1996.11.23.,00:4:52,soundtracks
Survival,H.I.M,1975.9.17.,00:2:30,charts
To Better Days,Calvin Harris,1975.1.20.,00:2:33,at home
Hands Up,Anastacia,2017.10.15.,00:1:34,for training
Somebody That I Used To Know,Turbotronic,1998.12.21.,00:3:49,feats
Summer Of Love,Judas Priest,1994.11.20.,00:3:27,on the way
Dusk Till Dawn,A-ha,1992.6.13.,00:1:57,at work
On My Own,Morgernshtern,1976.12.7.,00:3:17,soundtracks
Let's Groove,EVE,1999.3.5.,00:2:44,soundtracks
LightHouse,Lisa,1998.1.3.,00:4:15,feats
Risk It All,Asking Alexandria,1973.2.1.,00:4:6,selection of experts
Call 911,Hands Like Houses,1988.4.8.,00:2:46,popular hits
Chemical,Netta,1999.3.24.,00:4:36,soundtracks
The Sun,Little Big,1984.10.21.,00:1:18,for training
White Rabbit,She Wants Revenge,2016.3.18.,00:4:2,at home
Falling Apart,Dayseeker,2011.3.17.,00:4:45,for trips
Children,Too Close To Touch,2015.1.11.,00:4:39,popular hits
Don't Go Yet,Nerv,2003.9.8.,00:3:41,for running
ocean view,Glass Tides,2015.6.23.,00:3:44,selection of experts
Dark Red,Picturesque,1983.1.14.,00:2:52,for children
Promises,The World Alive,1977.5.26.,00:2:37,for running
love nwantiti,Thosand Below,1999.6.9.,00:3:52,charts
Girl Like Me,UVERworld,1985.4.24.,00:2:3,selection of experts
Wannabe,BURNOUT SYNDROMES,2005.8.20.,00:3:57,for running
Moustache,Solence,1978.8.8.,00:2:13,for trips
We Are Little Big,Fit for a King,1988.1.24.,00:2:33,for children
Shoot To Thrill,Hollow Front,2020.12.2.,00:1:14,for training
Idfc,Fame on Fire,1973.6.21.,00:1:16,for training
Over and Over,Arcaeus,1983.10.10.,00:1:7,popular hits
Dirty Hands (Gone Mad),Noragami,2006.12.20.,00:4:50,feats
Beautiful Madness,The Score,2017.2.4.,00:3:51,for training
Lovely,Papa Roach,1999.1.26.,00:1:48,for children
Habits,Ed Scott,1971.5.16.,00:4:23,popular hits
Fireworks,Bad Wolves,2002.2.26.,00:4:55,selection of experts
Jalebi Baby,Lady not Gaga,2007.8.10.,00:1:45,for children
Run Run,Two Direction,2020.8.13.,00:1:43,for parties
Fine Line,James Arthur,1997.5.28.,00:4:55,at work
OMG,Shawn Mendes,1989.4.6.,00:4:20,soundtracks
Wasted Love,The Vamps,1996.12.4.,00:2:45,for running
The Sun,Little mix,1981.11.23.,00:1:28,soundtracks
Shape Of My Heart,Stay kids,2000.1.1.,00:3:9,for trips
Talk to a Friend,Sam Smith,2020.3.22.,00:3:55,for running
Fantasy,Doja dog,2014.7.23.,00:2:54,for running
The Only One I Know,Jony,2003.9.11.,00:3:19,selection of experts
Frozen,Guma,1999.12.8.,00:1:32,selection of experts
Million To One,Friday Night,1992.7.10.,00:3:26,for children
Us,Bush,1998.4.8.,00:3:24,soundtracks
Are You Lonesome Tonight?,Pop Evil,2012.3.16.,00:4:42,for running
Ooh Wee,Museum,1973.12.7.,00:2:20,on the way
Woman,Fozzy,2013.1.15.,00:4:14,for trips
Summertime Sadness,Saul,2000.3.20.,00:2:30,for children
Believer,I Prevail you,1986.4.12.,00:2:32,on the way
By Your Side,Dust,2016.5.21.,00:4:34,at work
Be Free,coldrain,2000.6.1.,00:3:48,selection of experts
Bring Me To Life,Elvis Presley1,2003.7.7.,00:4:40,on the way
Clash,Elton John1,2011.10.16.,00:3:11,for parties
Essence,Bob Dylan1,1995.2.7.,00:3:27,for trips
Are You Lonesome Tonight?,The Beatles1,1991.12.20.,00:3:15,for children
Sympathy For The Devil,Eric Clapton1,1981.6.25.,00:3:41,feats
Oops,Queen1,1971.1.25.,00:3:59,for trips
Touch OFF,Rod Stewart1,2016.12.15.,00:3:10,for trips
Kiss My (Uh Oh),Johnny Cash1,1990.10.16.,00:4:22,for running
OMG,Van Morrison1,2008.1.27.,00:3:54,for running
DIvision Symbols,The Beach Boys1,2009.7.1.,00:1:34,at home
Loving Is Easy,Prince1,2020.1.7.,00:4:55,popular hits
Chalk Outline,Bruce Springsteen1,2020.12.26.,00:3:46,for children
Dynamite,The Rolling Stones1,1984.4.25.,00:3:33,at home
I Want You,Perry Como1,1986.2.8.,00:2:12,for training
Hurricane,AC/DC1,1976.10.8.,00:4:18,for training
Uno,George Strait1,2017.7.16.,00:4:41,on the way
Falling,David Bowie1,2014.1.1.,00:2:22,for training
Space Melody,Aerosmith1,1975.7.19.,00:2:46,at home
Dark Red,Sarah Brightman1,2015.5.1.,00:3:50,charts
The Secret He Had Missed,Reba McEntire1,1981.5.12.,00:1:27,at work
Space Melody,Michael Jackson1,1978.9.6.,00:3:55,selection of experts
Can't Feel My Face,Eminem1,2004.8.18.,00:4:6,feats
Fair Trade,James Taylor1,2018.2.26.,00:4:40,charts
Flashbacks,Madonna1,1981.1.11.,00:2:5,for parties
Signs (reimagined),The Clash1,1980.12.11.,00:3:22,new releases
Freed From Desire,Kris Kristofferson1,1990.9.3.,00:3:17,feats
Lost (reimagined),Alice Cooper1,2011.12.9.,00:1:5,for running
Aerials,Kiss1,1993.1.3.,00:1:12,at work
Chalk Outline,Neil Young1,2005.3.11.,00:2:37,charts
Excuses,Starset1,2018.7.17.,00:2:48,at home
Gangsta's paradise,Dua Lipa1,1974.12.20.,00:2:22,at work
My Way,Normandie1,1983.1.23.,00:2:23,selection of experts
Holding Me Down,Linked Horizon1,1991.7.1.,00:4:56,charts
Love On The Brain,Muse1,1974.1.23.,00:3:10,selection of experts
All Good Things,Coldplay1,1984.2.22.,00:3:20,for trips
Dancing Queen,Paramore1,2007.1.16.,00:1:29,on the way
Fuel To Fire,Bring Me The Horizon1,1989.12.20.,00:2:43,soundtracks
I'm a Pop,Cardi B1,1989.4.19.,00:3:46,for parties
Rumors,Oasis1,2001.1.25.,00:3:19,for parties
Blame,Black Sabbath1,2013.2.2.,00:3:20,charts
Sugar,Blur1,1986.2.20.,00:2:21,for trips
Turn Down For What,Arctic Monkeys1,2000.4.26.,00:2:51,soundtracks
Sympathy,The Smiths1,1978.9.13.,00:1:26,charts
Let's Groove,The Cure1,1970.5.8.,00:4:54,at home
Oops,Depeche Mode1,2015.9.1.,00:4:19,for running
Save Your Tears,Placebo1,1983.2.8.,00:3:13,selection of experts
Should I Stay Or Should I Go,One Direction1,2005.7.28.,00:4:29,at home
Chosen,Harry Styles1,2012.12.11.,00:3:48,at home
Save Your Tears,Machine Gun Kelly1,1976.11.7.,00:3:28,feats
Midnight City,The Prodigy1,2016.11.12.,00:3:6,for trips
Should I Stay Or Should I Go,BTS1,1996.3.20.,00:3:38,charts
Power,Blackpink1,1991.2.5.,00:3:35,feats
Wasting My Youth,Deep Purple1,1997.2.1.,00:1:44,for running
ocean view,Gorillaz1,1972.7.18.,00:3:27,on the way
No Stress,Christina Aguilera1,2018.12.3.,00:1:46,at work
I Want It All,Britney Spears1,1994.9.22.,00:2:36,soundtracks
I'm Gonna Be (500 Miles),Editors1,1976.9.2.,00:2:28,soundtracks
Oops,Our Last Night1,1997.3.28.,00:1:13,for parties
Fuel To Fire,Sex Pistols1,1986.8.16.,00:1:56,for running
Industry Baby,The Killers1,1972.7.13.,00:1:11,charts
Papercut,Florence + the Machine1,2007.6.3.,00:1:28,feats
Techno Disco,Amy Winehouse1,1978.9.15.,00:2:8,popular hits
Risk It All,Sia1,2020.1.17.,00:1:1,new releases
Psycho,P!nk1,1997.8.13.,00:3:52,popular hits
Space Melody,Genesis1,2018.10.20.,00:1:26,new releases
Montero (Call Me By Your Name),Beyonce1,2015.7.10.,00:4:1,for children
Rumors,Kelly Clarkson1,1973.6.27.,00:3:42,on the way
Sweater weather,Enter Shikari1,2009.9.10.,00:3:21,for children
FLY HIGH!!!,Black Veil Brides1,1973.5.18.,00:2:36,for trips
Bleed It Out,Skillet1,2020.10.16.,00:1:7,selection of experts
Meet Me At Our Spot,The Neighbourhood1,2004.7.13.,00:2:48,popular hits
Glory Box,Shakira1,2018.4.12.,00:1:14,new releases
fleabag,Fall Out Boy1,1994.7.19.,00:4:2,soundtracks
Eagle,Panic! At The Disco1,1989.4.13.,00:2:15,for running
City Of Stars,I See Stars1,1981.12.14.,00:4:34,for children
Woman,Caskets1,1978.9.5.,00:3:24,selection of experts
Run Run,Scorpions1,2016.7.17.,00:3:14,popular hits
Runaway With It,System Of A Down1,2017.6.1.,00:3:48,feats
The Mission "M Is for Milla Mix",Zero Horizon1,1977.10.12.,00:4:5,new releases
Father And Son,All Time Low1,1988.4.12.,00:2:7,at home
Rampampam,Imagine Dragons1,2001.12.12.,00:3:44,for running
Break My Heart,Annisokay1,2015.7.27.,00:4:30,at work
Visiting Hours,A Day To Remember1,1976.11.21.,00:3:56,feats
Wannabe,Rise Against1,1987.6.1.,00:4:12,at home
Friday,I Prevail1,1983.6.4.,00:1:17,for training
Sugar,Falling In Reverse1,2001.9.17.,00:1:43,for running
Witch Hunt,My Chemical Romance1,1974.10.22.,00:1:43,selection of experts
Like a Shadow,Crown The Empire1,1977.9.6.,00:4:3,soundtracks
In the End,Bad Omens1,1993.9.19.,00:3:45,popular hits
Morrow,Royal Blood1,1970.6.4.,00:3:1,soundtracks
Forgotten,Wildways1,2013.5.23.,00:2:32,feats
Found,Slaves1,1983.6.6.,00:2:43,selection of experts
Eagle,FEVER331,1988.6.6.,00:4:11,soundtracks
Woman,Нервы1,1991.1.18.,00:4:30,selection of experts
Eagle,Валерий Меладзе1,2014.2.18.,00:2:22,charts
Desert Rose,Lana Del Ray1,2015.9.27.,00:3:55,at work
Where Is The Love?,Linkin Park1,1986.11.9.,00:1:55,for children
Shoot To Thrill,Arash1,1990.9.18.,00:4:18,popular hits
Secrets,Enrique Iglesias1,2016.7.25.,00:1:16,feats
Chosen,Sting1,2015.7.1.,00:1:48,feats
Hypnodancer,Inna1,1970.6.5.,00:2:4,for training
Eagle,Rihanna1,1994.4.4.,00:2:36,soundtracks
Cut Me Loose,Scooter1,1989.3.28.,00:1:42,soundtracks
Midnight City,Stray Kids1,1995.11.17.,00:1:10,for children
Once In A While,Måneskin1,2018.11.4.,00:4:30,new releases
Dancing On Dangerous,Slipknot1,1993.10.20.,00:1:5,charts
Just Like Fire,50 Cent1,1982.2.12.,00:3:10,on the way
Promises,Celine Dion1,2016.2.14.,00:2:52,for training
Am I Wrong,Minelli1,2020.2.28.,00:3:14,for trips
Good Girls,Evanescence1,2009.9.18.,00:4:8,at work
One Step Closer,The Weeknd1,2015.4.25.,00:3:38,for training
Kiss My (Uh Oh),The Offspring1,2005.9.23.,00:4:38,on the way
Bad Romance,Nirvana1,2014.12.10.,00:4:34,for trips
OUT OUT,Akcent1,2017.4.8.,00:4:47,charts
By Your Side,Lara Fabian1,2014.8.2.,00:1:27,on the way
Hear My Voice,K-Maro1,1990.3.12.,00:1:20,for trips
Another Brick In The Wall,The Rasmus1,2011.2.18.,00:1:28,for training
In The Shadows,Disturbed1,1987.2.20.,00:4:1,selection of experts
Montero (Call Me By Your Name),Ava Max1,1986.10.27.,00:3:14,for parties
Moustache,Pink1,1976.11.11.,00:1:14,at home
Anchor,Lil Nas X1,1985.2.18.,00:4:21,popular hits
Space Melody,Lady Gaga1,1977.11.9.,00:2:28,for parties
Fuck That,Nickelback1,1987.11.3.,00:3:11,feats
Someone,ATB1,2003.10.3.,00:3:16,new releases
Oh My Darling,David Guetta1,1990.5.27.,00:1:39,for parties
Story of My Life,Rammstein1,1983.3.21.,00:2:24,for running
Can't Stop,Alizee1,1984.12.23.,00:1:26,for running
Let Them Know,Pitbull1,1989.6.11.,00:1:1,new releases
Flashbacks,Twenty One Pilots1,1979.9.6.,00:4:28,at work
Black Magic,Bryan Adams1,1989.6.15.,00:4:2,selection of experts
La di die,Selena Gomez1,1992.12.16.,00:2:24,for training
Iron,Doja Cat1,2012.4.21.,00:4:20,at home
Another love,Whitney Houston1,2006.4.28.,00:1:4,charts
City Of Stars,Dj Aligator1,2011.1.5.,00:1:49,on the way
Hurricane,Sade1,2010.5.2.,00:1:6,soundtracks
Creep,Three Days Grace1,1979.9.24.,00:2:52,at home
Get Lucky,Ghostemane1,1996.7.3.,00:1:9,for parties
Head & Heart,Ed Sheeran1,1993.9.7.,00:2:22,for training
Fountains,Justin Timberlake1,1978.2.21.,00:1:22,feats
Love Tonight,Ariana Grande1,2016.3.15.,00:2:5,selection of experts
Animals,Oliver Tree1,2017.7.20.,00:4:54,for training
Girlfriend,Akon1,2018.6.11.,00:4:18,for running
Witch,Moby1,1999.11.22.,00:3:36,at work
Hypnodancer,Iron Maiden1,1991.11.7.,00:3:1,at work
Don't be so shy,Ozzy Osbourne1,2012.3.22.,00:3:58,for parties
Summer Of Love,LP1,2000.7.9.,00:1:13,at home
On The Ground,Mustafa Sandal1,2003.11.8.,00:3:52,for running
Unstoppable,DMX1,2007.12.18.,00:2:44,at work
Sweet Dreams,Bon Jovi1,2016.7.28.,00:4:10,for children
Out Out,Powerwolf1,2011.10.22.,00:1:32,at home
Signs (reimagined),Manowar1,1976.8.10.,00:4:37,for parties
Young Folks,Armin van Buuren1,1980.11.13.,00:4:3,selection of experts
Who's They,Red Hot Chili Peppers1,2006.10.6.,00:1:59,for running
Cut Me Loose,Guns N' Roses1,1995.2.26.,00:2:5,for running
What About Us,Backstreet Boy1,2009.12.10.,00:1:55,on the way
Another Brick In The Wall,Era1,1982.1.25.,00:2:26,charts
I Miss the Misery,Hurts1,2013.8.9.,00:2:42,for children
4 To The Floor,Snoop Dogg1,1989.6.13.,00:1:38,on the way
You Could Be,Plazma1,1990.10.28.,00:3:31,on the way
I Only Have Eyes For You,Limp Bizkit1,1971.7.14.,00:2:58,popular hits
Fuel To Fire,XXXTentacion1,1972.11.4.,00:2:49,charts
Wrecked,Lian Ross1,1979.4.11.,00:2:47,charts
Habits,Crazy Frog1,2020.7.21.,00:3:1,popular hits
Somewhere I Belong,Maroon 51,1984.12.13.,00:4:36,for trips
What About Us,Jennifer Lopez1,1993.11.28.,00:1:53,soundtracks
Alone,Benny Benassi1,1999.3.9.,00:3:27,on the way
Born To Be Yours,Justin Bieber1,1999.9.5.,00:3:36,on the way
No Twerk,Avril Lavigne1,1999.11.6.,00:4:31,for running
Clearly,Myriam Fares1,2006.8.19.,00:2:11,at work
All I Know So Far,Imany1,1978.12.9.,00:3:41,feats
Pump Up The Jam,Nightwish1,2002.2.11.,00:1:49,for running
Atlas Falls,Korn1,1978.7.2.,00:3:35,selection of experts
Don't Stop The Music,Nancy Ajram1,1981.7.20.,00:1:45,new releases
Angels Lullaby,Katy Perry1,2003.8.14.,00:1:54,for running
Should I Stay Or Should I Go,Haddaway1,1991.4.18.,00:3:51,for children
My Happy Ending,George Michael1,2008.6.7.,00:3:1,new releases
Shape Of My Heart,Ice Mc1,2001.10.11.,00:3:35,for parties
To Better Days,Evan Band1,1995.9.4.,00:2:40,at work
Unstoppable,Bruno Mars1,1970.7.10.,00:1:43,on the way
Out Out,Space1,2015.7.21.,00:2:20,for children
Eagle,Hollywood Undead1,1983.5.13.,00:2:36,charts
BURN IT DOWN,Dava1,2015.4.4.,00:1:29,feats
Friday,Halsey1,1978.2.14.,00:2:27,at home
The Funeral,Lil Peep1,1989.9.2.,00:2:18,for parties
Ich hasse Kinder,Travis Scott1,2016.3.5.,00:4:13,feats
Rampampam,Xcho1,1971.2.7.,00:2:20,for children
Losing My Mind,Black Eyed Peas1,1994.7.9.,00:2:1,for parties
Dirty Hands (Gone Mad),System of a Down1,1982.9.16.,00:3:14,for training
By Your Side,Escape1,2016.7.27.,00:3:47,selection of experts
You Could Be,Jason Derulo1,2004.9.25.,00:4:50,for running
Chosen,Nataliya1,2001.5.12.,00:4:58,at home
Psycho,ZZ Top1,1987.4.23.,00:2:28,for training
Take me to church,Rafet El Roman1,2019.4.8.,00:4:16,on the way
Atlas Falls,Enya1,1997.4.12.,00:1:42,for running
Goosebumps,Nelly Furtado1,1998.12.16.,00:3:6,soundtracks
Take me to church,Marilyn Manson1,1973.7.14.,00:4:38,soundtracks
Touch OFF,H.I.M1,1994.6.26.,00:3:2,charts
You for Me,Calvin Harris1,2008.4.15.,00:4:28,for training
Animals,Anastacia1,2003.11.14.,00:4:13,charts
Unstoppable,Turbotronic1,1978.6.14.,00:1:54,for trips
Fair Trade,Judas Priest1,1981.5.26.,00:4:2,for training
My Happy Ending,A-ha1,1986.1.12.,00:2:10,at work
Collard Greens,Morgernshtern1,1980.4.1.,00:1:28,on the way
Empty Thoughts,EVE1,1973.8.5.,00:2:29,popular hits
VIVID VICE,Lisa1,1984.1.5.,00:2:2,charts
Fire In The Sky,Asking Alexandria1,2001.3.15.,00:2:1,new releases
Salt,Hands Like Houses1,2001.7.1.,00:2:9,for parties
Wid It,Netta1,1992.10.27.,00:2:3,feats
We Can Come Together,Little Big1,2016.7.2.,00:3:43,at home
Mamacita,She Wants Revenge1,2008.2.10.,00:4:32,for trips
Super Trouper,Dayseeker1,1979.3.23.,00:4:16,popular hits
Take me to church,Too Close To Touch1,1986.12.19.,00:3:19,at work
Don't Shut Me Down,Nerv1,1995.9.10.,00:3:28,for children
Somewhere Only We Know,Glass Tides1,1984.1.1.,00:1:1,popular hits
Industry Baby,Picturesque1,1971.3.21.,00:1:4,on the way
Zombie,The World Alive1,1974.10.2.,00:2:59,for parties
Yesterday,Thosand Below1,2006.5.20.,00:4:40,for running
Talk to a Friend,UVERworld1,1984.10.27.,00:4:34,feats
Hometown Glory,BURNOUT SYNDROMES1,2007.7.13.,00:1:45,on the way
Dynamite,Elvis Presley2,1972.9.8.,00:1:4,for running
AIN’T SO,Elton John2,2009.6.7.,00:3:2,feats
The Windmills Of Your Mind,Bob Dylan2,1981.6.7.,00:1:8,for children
Ich hasse Kinder,The Beatles2,2009.5.17.,00:1:15,for trips
Space Melody,Eric Clapton2,1982.11.19.,00:3:16,soundtracks
The Sun,Queen2,1996.3.4.,00:2:9,for running
Secrets,Rod Stewart2,1991.6.9.,00:1:48,at work
Imagine,Johnny Cash2,1981.4.27.,00:4:48,feats
Chosen,Van Morrison2,1970.12.28.,00:2:42,for children
When My Blue Moon Turns To Gold Again,The Beach Boys2,1986.5.12.,00:2:4,charts
Over and Over,Prince2,2003.12.8.,00:3:12,popular hits
La Grenade,Bruce Springsteen2,2008.8.10.,00:4:46,charts
Manana,The Rolling Stones2,1986.9.23.,00:1:12,for parties
Late At Night,Perry Como2,2006.1.15.,00:2:13,popular hits
Need To Know,AC/DC2,1985.1.9.,00:2:23,feats
Once In A While,George Strait2,2019.2.17.,00:2:5,for trips
Seventh Heaven,David Bowie2,1983.5.22.,00:4:34,popular hits
Over and Over,Aerosmith2,2006.7.19.,00:4:54,at home
Woo Baby,Sarah Brightman2,1972.3.21.,00:1:21,feats
Together,Reba McEntire2,2014.7.17.,00:3:6,feats
Chalk Outline,Michael Jackson2,2019.9.22.,00:3:3,for trips
One Step Closer,Eminem2,1986.2.27.,00:1:13,feats
Pain,James Taylor2,2006.2.10.,00:4:53,soundtracks
What I've Done,Madonna2,1998.5.6.,00:2:36,for parties
Take My Breath,The Clash2,1978.6.6.,00:3:5,on the way
White Lies,Kris Kristofferson2,2002.3.3.,00:1:48,new releases
Freed From Desire,Alice Cooper2,1995.9.7.,00:2:35,charts
The Sun,Kiss2,1977.10.3.,00:1:56,new releases
Time of Dying,Neil Young2,2019.2.23.,00:4:33,for parties
The Funeral,Starset2,1970.10.23.,00:1:39,popular hits
OMG,Dua Lipa2,1993.10.4.,00:3:43,at home
Violent Pornography,Normandie2,1976.5.2.,00:3:57,for parties
Stronger,Linked Horizon2,2007.8.25.,00:4:46,for running
2055,Muse2,2017.7.20.,00:2:33,at work
Summer Of Love,Coldplay2,1985.7.23.,00:4:30,feats
I Miss the Misery,Paramore2,2003.4.22.,00:1:24,on the way
How Can I Make It OK?,Bring Me The Horizon2,1978.3.21.,00:4:48,for trips
Angels Lullaby,Cardi B2,1989.11.10.,00:4:18,soundtracks
Wannabe,Oasis2,2002.4.4.,00:4:8,for training
Kingston Town,Black Sabbath2,1976.1.26.,00:1:22,feats
Just Like Fire,Blur2,1976.10.22.,00:1:16,for parties
Iron,Arctic Monkeys2,1971.12.18.,00:1:2,popular hits
Gangsta's paradise,The Smiths2,1995.8.19.,00:3:29,at home
Collard Greens,The Cure2,2015.1.21.,00:1:59,new releases
If It's Love,Depeche Mode2,2020.11.17.,00:4:57,for running
Dancing Queen,Placebo2,1982.11.3.,00:4:18,charts
Morrow,One Direction2,1992.5.17.,00:4:2,for trips
Sex Machine,Harry Styles2,2019.8.20.,00:1:5,for trips
Unstoppable,Machine Gun Kelly2,2007.8.8.,00:1:7,at work
The Secret He Had Missed,The Prodigy2,2015.1.7.,00:4:1,charts
Freaks,BTS2,1996.7.12.,00:3:21,selection of experts
Summer in the City,Blackpink2,1999.9.22.,00:1:31,soundtracks
Manana,Deep Purple2,1989.5.24.,00:1:7,for running
Bloodstream,Gorillaz2,1996.8.13.,00:4:4,new releases
Endless Love,Christina Aguilera2,2009.6.3.,00:2:35,charts
Boyz N Da Club,Britney Spears2,2009.2.1.,00:4:3,for children
Girl Like Me,Editors2,1983.5.2.,00:3:26,at work
Follow You,Our Last Night2,1990.6.7.,00:3:47,soundtracks
Losing My Mind,Sex Pistols2,1987.12.12.,00:4:24,at work
Need To Know,The Killers2,2009.9.26.,00:1:35,for parties
I GUESS I'M IN LOVE,Florence + the Machine2,1974.6.24.,00:4:21,popular hits
Paradise,Amy Winehouse2,1986.3.17.,00:4:24,for parties
Diego,Sia2,1995.9.24.,00:3:51,soundtracks
Boyz N Da Club,P!nk2,2018.2.12.,00:1:18,selection of experts
Rumors,Genesis2,2009.8.14.,00:4:15,charts
Wid It,Beyonce2,1995.6.16.,00:3:35,for trips
The Windmills Of Your Mind,Kelly Clarkson2,1987.6.16.,00:2:38,for training
Diablo,Enter Shikari2,1988.2.24.,00:2:56,for training
Leck,Black Veil Brides2,1979.7.27.,00:3:32,popular hits
Am I Wrong,Skillet2,1992.11.7.,00:3:23,selection of experts
Skate,The Neighbourhood2,1975.5.23.,00:1:30,new releases
Angels Lullaby,Shakira2,1975.10.26.,00:3:57,soundtracks
Someone You Loved,Fall Out Boy2,1977.6.1.,00:2:19,charts
FLY HIGH!!!,Panic! At The Disco2,1999.11.26.,00:2:14,at home
I Feel It Coming,I See Stars2,1997.4.2.,00:4:43,for children
Wrecked,Caskets2,1985.7.3.,00:1:6,for children
Freaks,Scorpions2,2004.12.20.,00:1:35,for training
24/5,System Of A Down2,2011.11.21.,00:1:48,popular hits
Take My Breath,Zero Horizon2,1998.1.6.,00:1:52,charts
Levitating,All Time Low2,1992.12.7.,00:2:3,new releases
All Good Things,Imagine Dragons2,1994.12.11.,00:4:33,charts
Whenever Wherever,Annisokay2,1995.4.2.,00:4:26,for running
Diego,A Day To Remember2,1987.2.18.,00:1:59,for running
FLY HIGH!!!,Rise Against2,2007.1.21.,00:3:29,popular hits
Lying In The Sunshine,I Prevail2,1990.12.19.,00:1:17,feats
Salt,Falling In Reverse2,1974.7.5.,00:2:58,on the way
My Life Is Going On,My Chemical Romance2,1997.10.19.,00:4:10,for running
Smells Like Teen Spirit,Crown The Empire2,1985.9.5.,00:3:34,on the way
Understand Your Man,Bad Omens2,1970.1.28.,00:1:30,on the way
Wasting My Youth,Royal Blood2,2016.12.28.,00:2:40,at work
Runaway Baby,Wildways2,1993.5.7.,00:4:38,for running
Badala Zamana,Slaves2,2015.9.13.,00:2:58,popular hits
Can't Stop,FEVER332,1977.10.4.,00:2:25,charts
Forgotten,Нервы2,1977.10.7.,00:2:23,feats
Seventeen Going Under,Валерий Меладзе2,2004.10.17.,00:1:46,feats
Dusk Till Dawn,Lana Del Ray2,2012.11.21.,00:4:14,soundtracks
I Feel It Coming,Linkin Park2,2006.9.5.,00:4:3,at work
When My Blue Moon Turns To Gold Again,Arash2,1972.12.19.,00:2:55,charts
Clash,Enrique Iglesias2,2001.9.9.,00:2:13,for trips
Leather And Lace,Sting2,2009.6.3.,00:4:1,popular hits
Dusk Till Dawn,Inna2,2019.11.14.,00:4:53,for training
Roses,Rihanna2,2007.7.6.,00:3:41,for running
Don't Break the Heart,Scooter2,1974.9.15.,00:4:32,soundtracks
Hurricane,Stray Kids2,1980.5.8.,00:3:36,at work
Holding Me Down,Måneskin2,1985.11.6.,00:4:49,soundtracks
The Business,Slipknot2,2015.9.4.,00:2:19,charts
Head And Heart,50 Cent2,2005.12.18.,00:1:18,charts
Survival,Celine Dion2,1975.12.11.,00:2:54,for training
Collard Greens,Minelli2,1983.9.8.,00:4:26,for parties
Angels Lullaby,Evanescence2,1997.5.5.,00:2:11,new releases
Drive,The Weeknd2,2015.8.10.,00:3:40,new releases
Leather And Lace,The Offspring2,1985.4.15.,00:3:26,charts
Lying In The Sunshine,Nirvana2,1997.11.27.,00:1:17,for parties
Take My Breath,Akcent2,2009.3.21.,00:1:35,for children
Astronaut In The Ocean,Lara Fabian2,1995.7.15.,00:1:54,at work
Before I Cave In,K-Maro2,1994.10.24.,00:1:38,new releases
Seven Wonders,The Rasmus2,1979.2.3.,00:3:32,charts
Heavier,Disturbed2,2013.10.20.,00:2:20,charts
Call Out My Name,Ava Max2,1982.3.18.,00:2:34,new releases
All I Know So Far,Pink2,1988.1.17.,00:4:45,at home
INDUSTRY BABY,Lil Nas X2,2008.12.20.,00:3:9,selection of experts
Love Me Tender,Lady Gaga2,2008.9.9.,00:2:1,for trips
RED,Nickelback2,1993.12.15.,00:4:1,on the way
Sugar,ATB2,1981.8.16.,00:3:21,feats
Violent Pornography,David Guetta2,1990.11.20.,00:4:35,for training
My Heart Goes (La Di Da),Rammstein2,1986.8.7.,00:1:39,at work
I WANT YOU BACK,Alizee2,2020.9.19.,00:3:11,soundtracks
Ghost Like You,Pitbull2,1985.2.13.,00:1:6,charts
Wid It,Twenty One Pilots2,2005.12.14.,00:1:15,for parties
OUT OUT,Bryan Adams2,2016.10.7.,00:4:55,new releases
Dusk Till Dawn,Selena Gomez2,2012.4.20.,00:2:6,on the way
Sweet Dreams,Doja Cat2,2001.1.25.,00:3:54,for training
Essence,Whitney Houston2,2006.9.10.,00:2:45,on the way
Bad Romance,Dj Aligator2,1992.12.12.,00:2:50,charts
Cover Me In Sunshine,Sade2,1995.1.3.,00:3:43,for children
Seven Wonders,Three Days Grace2,1989.12.14.,00:3:44,new releases
Don't Go Yet,Ghostemane2,2019.6.11.,00:2:1,at work
Found,Ed Sheeran2,1975.9.6.,00:4:55,selection of experts
Lost in Echoes,Justin Timberlake2,1993.8.16.,00:3:16,popular hits
Nirvana,Ariana Grande2,2009.7.7.,00:2:6,for trips
Psycho,Oliver Tree2,1990.5.23.,00:2:50,for trips
Am I Wrong,Akon2,2016.8.19.,00:1:53,feats
OUT OUT,Moby2,1982.3.5.,00:2:26,for children
Us,Iron Maiden2,1986.2.26.,00:2:42,at work
Dancing On Dangerous,Ozzy Osbourne2,2016.4.25.,00:1:31,for training
I Only Have Eyes For You,LP2,2000.7.4.,00:2:37,soundtracks
Impossible,Mustafa Sandal2,1971.10.7.,00:2:37,charts
On My Own,DMX2,1997.6.7.,00:2:20,for training
Father And Son,Bon Jovi2,1985.8.21.,00:1:23,popular hits
Fair Trade,Powerwolf2,2003.6.28.,00:3:40,new releases
Riot,Manowar2,2008.7.26.,00:3:58,for parties
I Miss the Misery,Armin van Buuren2,1982.12.3.,00:4:37,for children
Choose Me,Red Hot Chili Peppers2,1981.7.24.,00:2:44,feats
Dusk Till Dawn,Guns N' Roses2,1975.9.22.,00:4:32,popular hits
Goosebumps,Backstreet Boy2,2009.1.11.,00:4:46,for trips
Good Girls,Era2,2002.4.21.,00:3:20,soundtracks
Chosen,Hurts2,2013.9.6.,00:3:26,for training
Lights Down,Snoop Dogg2,2011.9.19.,00:4:45,new releases
Diego,Plazma2,2005.4.25.,00:4:25,new releases
INDUSTRY BABY,Limp Bizkit2,2006.8.11.,00:3:7,popular hits
On The Ground,XXXTentacion2,2005.1.23.,00:4:39,for running
Diego,Lian Ross2,1974.5.18.,00:1:14,feats
Some Say,Crazy Frog2,2019.5.27.,00:3:28,soundtracks
Beautiful Madness,Maroon 52,1978.2.15.,00:3:56,popular hits
Ooh Wee,Jennifer Lopez2,2019.4.4.,00:3:20,at work
Shivers,Benny Benassi2,1981.4.5.,00:1:36,for training
Little Bit of Love,Justin Bieber2,2008.1.7.,00:2:7,for parties
The Windmills Of Your Mind,Avril Lavigne2,2019.2.3.,00:2:51,feats
Freed From Desire,Myriam Fares2,2019.9.25.,00:3:20,at home
Piano Banana,Imany2,2015.11.14.,00:2:50,for running
Heavier,Nightwish2,1982.2.5.,00:4:24,popular hits
Dakiti,Korn2,1979.3.22.,00:4:9,for training
Ily,Nancy Ajram2,1982.12.8.,00:1:59,feats
Just Like Fire,Katy Perry2,1992.5.6.,00:2:16,for parties
Woo Baby,Haddaway2,1973.10.15.,00:4:9,for parties
Jail,George Michael2,1973.5.12.,00:1:6,for training
Friday,Ice Mc2,2016.2.4.,00:3:13,charts
Another love,Evan Band2,1990.9.21.,00:3:6,soundtracks
I'm Gonna Be (500 Miles),Bruno Mars2,1978.9.22.,00:3:46,for parties
Summer 91 (Looking Back),Space2,1988.3.7.,00:3:11,for running
Imagine,Dava2,1989.12.19.,00:3:59,selection of experts
Love (Sweet Love),Halsey2,1972.10.26.,00:3:24,for trips
Violent Pornography,Lil Peep2,2005.8.8.,00:2:46,for trips
Build a Bitch,Travis Scott2,1973.3.24.,00:2:42,for children
LightHouse,Xcho2,1983.11.21.,00:3:47,for parties
Kissing Strangers,Black Eyed Peas2,1981.9.11.,00:4:17,popular hits
Gone Forever,System of a Down2,1985.8.8.,00:4:45,charts
What About Us,Escape2,1999.5.28.,00:3:12,charts
You & I,Jason Derulo2,1983.1.20.,00:1:13,for training
Save Your Tears,Nataliya2,2002.12.3.,00:3:30,at work
Violent Pornography,ZZ Top2,2005.11.12.,00:3:13,feats
If It's Love,Rafet El Roman2,1990.2.2.,00:3:58,on the way
Us,Enya2,2010.2.3.,00:3:34,new releases
Alone,Nelly Furtado2,2015.3.16.,00:4:29,new releases
VIVID VICE,Marilyn Manson2,1991.8.9.,00:2:2,popular hits
Heavier,H.I.M2,2010.11.1.,00:3:27,at home
found & lost,Calvin Harris2,1975.11.17.,00:2:10,for children
Ily,Anastacia2,2001.1.7.,00:2:45,feats
Whenever Wherever,Turbotronic2,2005.3.4.,00:2:51,for children
Bang Bang,Judas Priest2,2015.1.21.,00:2:51,at work
Over and Over,A-ha2,1973.6.5.,00:3:19,at work
Love (Sweet Love),Morgernshtern2,2012.9.26.,00:1:43,at home
Take My Breath,EVE2,2009.1.10.,00:2:55,charts
My Happy Ending,Lisa2,1985.3.9.,00:1:57,for running
All I Know So Far,Asking Alexandria2,1987.5.23.,00:1:29,at work
Roses,Hands Like Houses2,1977.8.10.,00:1:7,for training
Riot,Netta2,1973.4.18.,00:1:59,soundtracks
All Star,Little Big2,1980.3.10.,00:3:36,at work
Prayers,She Wants Revenge2,2003.3.10.,00:3:6,for running
Clash,Dayseeker2,1975.10.12.,00:2:13,for trips
My Way,Too Close To Touch2,1978.11.4.,00:1:54,for parties
Deep End,Nerv2,1992.12.1.,00:4:56,new releases
The Business,Glass Tides2,1988.4.18.,00:2:33,popular hits
Montero (Call Me By Your Name),Picturesque2,1980.4.7.,00:4:18,feats
Back In The U.S.S.R.,The World Alive2,2014.4.3.,00:1:51,soundtracks
Promises,Thosand Below2,1978.11.16.,00:4:38,at work
Atlas Falls,UVERworld2,1986.7.23.,00:2:36,soundtracks
Goosebumps,BURNOUT SYNDROMES2,1984.6.11.,00:1:33,on the way
Time of Dying,Elvis Presley3,2002.2.20.,00:4:25,at home
Chosen,Elton John3,2008.10.17.,00:2:47,at work
traitor,Bob Dylan3,1986.1.4.,00:1:17,soundtracks
All I Know So Far,The Beatles3,1970.2.10.,00:1:36,new releases
Father And Son,Eric Clapton3,1977.12.15.,00:3:31,for trips
The Sun,Queen3,1979.1.14.,00:4:1,for children
Love Or Lust,Rod Stewart3,2002.12.24.,00:4:20,popular hits
Deep End,Johnny Cash3,2009.5.17.,00:2:14,for running
Deep End,Van Morrison3,2014.6.9.,00:1:6,soundtracks
Runaway With It,The Beach Boys3,2020.8.18.,00:1:41,soundtracks
Time of Dying,Prince3,1979.11.8.,00:4:31,for running
Woman,Bruce Springsteen3,2020.3.15.,00:1:38,for children
Blame,The Rolling Stones3,2019.10.26.,00:4:36,on the way
Livin' In A World Without You,Perry Como3,2017.4.22.,00:4:40,for children
Imagine,AC/DC3,1996.7.21.,00:4:47,for training
Bad Romance,George Strait3,2019.4.20.,00:1:19,selection of experts
Kokomo,David Bowie3,1980.10.15.,00:4:45,new releases
Come Together,Aerosmith3,1986.9.17.,00:4:34,for training
Don't Stop The Music,Sarah Brightman3,1998.1.23.,00:4:17,on the way
Endless Love,Reba McEntire3,1983.10.27.,00:4:2,selection of experts
Jealousy jealousy,Michael Jackson3,2001.9.4.,00:3:51,soundtracks
Diego,Eminem3,1986.12.12.,00:2:58,for running
Fire In The Sky,James Taylor3,2014.1.6.,00:2:20,for training
Don't Go Yet,Madonna3,1990.5.23.,00:1:27,for children
Dancing On Dangerous,The Clash3,2007.5.2.,00:3:54,new releases
Take me to church,Kris Kristofferson3,2007.2.27.,00:1:48,charts
Strange Effect,Alice Cooper3,1996.5.1.,00:1:5,for training
When You're Out,Kiss3,1998.9.25.,00:2:47,for children
Take me to church,Neil Young3,2015.3.2.,00:2:29,feats
Somebody That I Used To Know,Starset3,2005.6.25.,00:3:49,feats
Mamacita,Dua Lipa3,2007.9.6.,00:2:48,at work
All I Know So Far,Normandie3,1990.12.22.,00:3:47,for children
Risk It All,Linked Horizon3,1974.7.1.,00:2:2,for running
Us,Muse3,2010.1.2.,00:1:49,for parties
I'm a Pop,Coldplay3,1970.3.2.,00:1:55,popular hits
If You Ever Leave I'm Coming with You,Paramore3,2009.7.11.,00:4:4,for children
Salt,Bring Me The Horizon3,1978.11.26.,00:4:45,for training
VIVID VICE,Cardi B3,2017.12.23.,00:1:26,at home
better,Oasis3,1991.2.18.,00:4:10,at home
Promises,Black Sabbath3,1992.5.25.,00:2:53,on the way
Hall of Fame,Blur3,2011.1.11.,00:4:7,soundtracks
Let's Love,Arctic Monkeys3,1987.6.10.,00:4:51,charts
Everybody,The Smiths3,2012.10.10.,00:1:55,soundtracks
Like I Do,The Cure3,2005.10.5.,00:4:44,for parties
Girl Like Me,Depeche Mode3,1991.3.21.,00:1:31,charts
Don't Break the Heart,Placebo3,1970.2.1.,00:4:34,feats
Conga,One Direction3,1972.11.27.,00:1:1,charts
Somewhere I Belong,Harry Styles3,1971.7.13.,00:2:30,at home
Montero (Call Me By Your Name),Machine Gun Kelly3,1973.10.23.,00:2:12,soundtracks
Cover Me In Sunshine,The Prodigy3,1977.7.26.,00:4:12,for running
She's Wild,BTS3,1981.3.2.,00:3:51,for trips
Like I Do,Blackpink3,1979.2.2.,00:4:47,for parties
Walking The Wire,Deep Purple3,1994.4.27.,00:4:42,popular hits
She's Wild,Gorillaz3,1990.4.2.,00:4:27,at work
I Love You I Hate You,Christina Aguilera3,1976.5.4.,00:4:49,selection of experts
Seven Wonders,Britney Spears3,2011.4.26.,00:4:9,soundtracks
Hands Up,Editors3,1994.2.4.,00:3:47,for training
Habits,Our Last Night3,2018.12.17.,00:2:19,for trips
Salt,Sex Pistols3,1983.11.16.,00:4:13,for parties
Talk to a Friend,The Killers3,1988.2.22.,00:2:8,for running
Mood Ring,Florence + the Machine3,1972.4.25.,00:4:31,at home
Does Your Mother Know,Amy Winehouse3,2010.1.2.,00:4:42,for parties
Redemption,Sia3,1990.11.12.,00:4:38,on the way
OMG,P!nk3,2017.7.14.,00:3:26,at work
She Knows,Genesis3,1985.10.27.,00:2:23,for running
My Life Is Going On,Beyonce3,2013.5.17.,00:1:55,selection of experts
By Your Side,Kelly Clarkson3,2002.8.8.,00:4:18,for running
You for Me,Enter Shikari3,1987.5.20.,00:3:30,new releases
Don't shut me down,Black Veil Brides3,1978.6.9.,00:2:30,for children
I'm Gonna Be (500 Miles),Skillet3,2003.12.21.,00:1:8,on the way
Tell Me Something Good (Mixed),The Neighbourhood3,2020.2.2.,00:4:19,popular hits
Every Time You Turn Around,Jennifer Lopez3,1983.11.25.,00:4:59,for children
One Step Closer,Shakira3,2017.5.22.,00:1:3,at work
Uptown Funk,Fall Out Boy3,2004.3.15.,00:2:22,new releases
Losing My Mind,Panic! At The Disco3,2014.9.8.,00:2:5,new releases
Don't Speak,I See Stars3,2020.7.27.,00:2:36,for running
No Stress,Caskets3,1992.5.14.,00:4:20,for children
She's Wild,Scorpions3,2016.1.18.,00:4:19,for running
The Only One I Know,System Of A Down3,1988.6.12.,00:2:48,feats
Glory Box,Zero Horizon3,2007.6.10.,00:2:7,for children
Call 911,All Time Low3,2002.9.3.,00:3:4,for trips
Space Melody,Imagine Dragons3,1977.2.8.,00:2:27,at home
Visiting Hours,Annisokay3,1991.6.20.,00:1:42,for running
Clean Again,Hollywood Undead3,2004.9.24.,00:2:28,selection of experts
Sad Song,A Day To Remember3,2000.8.1.,00:1:55,feats
Alejandro,Rise Against3,1987.8.10.,00:3:44,selection of experts
Gangsta's paradise,I Prevail3,2005.9.23.,00:3:24,for parties
Sugar,Falling In Reverse3,1982.6.9.,00:2:5,at work
Lying In The Sunshine,My Chemical Romance3,1998.6.11.,00:4:46,for training
Sugar,Crown The Empire3,2012.1.12.,00:4:49,for children
Petite,Bad Omens3,1971.1.22.,00:4:25,soundtracks
La Grenade,Royal Blood3,1993.6.19.,00:4:4,for trips
Sweater weather,Wildways3,1970.8.14.,00:4:5,selection of experts
How You Remind Me,Slaves3,1987.8.21.,00:1:51,for training
Marea (We’ve Lost Dancing),FEVER333,1998.12.26.,00:4:48,at home
No Stress,Нервы3,1981.7.3.,00:4:31,for parties
FLY HIGH!!!,Валерий Меладзе3,1979.3.22.,00:2:57,for trips
Afterglow,Lana Del Ray3,1979.5.4.,00:2:24,on the way
Sympathy For The Devil,Linkin Park3,1991.11.4.,00:2:14,popular hits
Power,Arash3,2000.6.11.,00:1:35,selection of experts
Seven Nation Army,Enrique Iglesias3,1980.7.2.,00:1:44,at home
Follow You,Sting3,2001.10.1.,00:2:24,at home
Bleed It Out,Inna3,2017.8.12.,00:3:56,for trips
Livin' In A World Without You,Rihanna3,2011.6.27.,00:4:44,selection of experts
Lost (reimagined),Scooter3,1996.1.27.,00:4:36,for trips
Need You Now,Stray Kids3,1988.9.26.,00:4:4,on the way
Heat Waves,Måneskin3,2013.3.11.,00:4:27,for training
INDUSTRY BABY,Slipknot3,1995.8.9.,00:2:9,at work
White Rabbit,50 Cent3,2006.1.28.,00:3:18,for trips
Ca Plane Pour Moi,Celine Dion3,2019.12.1.,00:1:13,at home
I Feel It Coming,Minelli3,2019.2.4.,00:3:16,feats
Sad Song,Evanescence3,1991.2.4.,00:1:37,for trips
Love (Sweet Love),The Weeknd3,1997.10.20.,00:1:5,for children
Stupid Feelings,The Offspring3,1975.3.22.,00:2:30,for parties
Cold Heart,Nirvana3,2008.4.19.,00:3:18,for trips
Young Folks,Akcent3,2014.12.27.,00:2:13,at work
Fake I.D,Lara Fabian3,1982.2.1.,00:4:52,soundtracks
Lost (reimagined),K-Maro3,2016.9.28.,00:4:6,for training
Better Days,The Rasmus3,1998.5.11.,00:3:43,selection of experts
Sweater weather,Disturbed3,2016.5.3.,00:1:35,soundtracks
In The End,Ava Max3,1979.3.22.,00:3:32,selection of experts
Hometown Glory,Pink3,1974.8.9.,00:4:56,for trips
She's Wild,Lil Nas X3,1992.4.2.,00:2:36,for running
By Myself,Lady Gaga3,1983.9.21.,00:4:43,soundtracks
Girlfriend,Nickelback3,1985.2.15.,00:3:52,feats
Cover Me In Sunshine,ATB3,2007.4.23.,00:1:19,selection of experts
Build a Bitch,David Guetta3,2017.6.1.,00:2:40,soundtracks
I Hate Everything About You,Rammstein3,2007.11.13.,00:4:35,on the way
Alone,Alizee3,2001.8.8.,00:1:57,for running
Numb,Pitbull3,1974.12.22.,00:3:32,popular hits
Somewhere I Belong,Twenty One Pilots3,1989.6.15.,00:4:3,for running
U + Ur Hand,Bryan Adams3,2011.4.28.,00:2:37,on the way
Therefore I Am,Selena Gomez3,1985.6.11.,00:1:26,for running
This Is Where It Ends,Doja Cat3,1988.2.19.,00:4:20,for running
Oh My Darling,Whitney Houston3,1976.4.7.,00:2:9,at work
Wid It,Dj Aligator3,1980.5.9.,00:3:5,for training
I Feel It Coming,Sade3,1984.6.8.,00:1:22,selection of experts
Woman,Three Days Grace3,1979.9.27.,00:1:8,charts
Take me to church,Ghostemane3,1970.7.19.,00:1:28,on the way
Midnight City,Ed Sheeran3,1977.3.27.,00:1:9,on the way
Midnight City,Justin Timberlake3,1971.2.27.,00:3:3,for children
TRASH CANDY,Ariana Grande3,2014.2.14.,00:3:34,for running
Dancing On Dangerous,Oliver Tree3,1990.11.1.,00:1:42,at home
Alone,Akon3,1986.11.20.,00:2:29,selection of experts
Ways To Disappear,Moby3,2000.1.5.,00:2:35,new releases
Shum,Iron Maiden3,1998.9.22.,00:1:49,at work
VIVID VICE,Ozzy Osbourne3,2017.8.25.,00:2:24,on the way
Rampampam,LP3,1997.3.9.,00:2:58,for running
My Head and My Heart,Mustafa Sandal3,1983.4.5.,00:1:29,popular hits
Prayers,DMX3,2009.10.16.,00:4:31,feats
Blinding Lights,Bon Jovi3,1984.2.10.,00:2:34,selection of experts
Fly Away,Powerwolf3,2003.8.10.,00:2:37,for trips
Ghost Like You,Manowar3,1994.1.11.,00:3:47,at home
Can't Feel My Face,Armin van Buuren3,2014.11.3.,00:2:52,for parties
Girl Like Me,Red Hot Chili Peppers3,1976.1.15.,00:4:16,charts
Fuck That,Guns N' Roses3,1998.11.20.,00:2:38,at home
Woo Baby,Backstreet Boy3,1976.8.2.,00:2:34,popular hits
Jail,Era3,2006.5.8.,00:2:59,charts
Chosen,Hurts3,1987.12.14.,00:3:52,for running
Together,Snoop Dogg3,1994.7.13.,00:4:33,new releases
better,Plazma3,2006.1.17.,00:2:10,at home
Always On My Mind,Limp Bizkit3,2003.3.21.,00:2:47,for training
OUT OUT,XXXTentacion3,2008.5.21.,00:4:9,selection of experts
I Want You,Lian Ross3,2017.5.5.,00:1:49,charts
Dance Monkey,Crazy Frog3,1980.10.27.,00:1:49,popular hits
Are You Lonesome Tonight?,Maroon 53,1974.4.5.,00:1:24,new releases
On The Ground,Benny Benassi3,2011.2.22.,00:1:6,new releases
Pump Up The Jam,Justin Bieber3,1979.9.19.,00:3:38,charts
Water fountain,Avril Lavigne3,2009.2.10.,00:3:30,charts
Bleeding Out,Myriam Fares3,1984.3.9.,00:3:8,soundtracks
Back In The U.S.S.R.,Imany3,2018.10.3.,00:1:47,for trips
Aerials,Nightwish3,1993.4.13.,00:1:41,selection of experts
Yesterday,Korn3,2020.9.25.,00:3:56,soundtracks
Million To One,Nancy Ajram3,2008.4.13.,00:4:41,on the way
Beautiful Madness,Katy Perry3,2015.11.9.,00:1:26,for parties
Once In A While,Haddaway3,2009.5.13.,00:1:29,at work
Skate,George Michael3,1999.10.5.,00:4:15,new releases
Black Lungs,Ice Mc3,2003.12.16.,00:2:2,on the way
Endless Love,Evan Band3,2004.5.23.,00:1:11,at home
You & I,Bruno Mars3,1979.9.27.,00:2:59,charts
Take My Breath,Space3,1978.4.25.,00:4:19,on the way
Fuel To Fire,Dava3,1984.10.8.,00:2:31,charts
Holiday,Halsey3,1978.8.28.,00:3:58,for trips
Let Them Know,Lil Peep3,2000.2.7.,00:1:34,feats
Alone With You,Travis Scott3,1986.2.12.,00:1:30,at work
One Step Closer,Xcho3,2017.11.27.,00:1:37,new releases
I Feel It Coming,Black Eyed Peas3,1998.2.4.,00:4:22,for training
Can't Stop,System of a Down3,1982.1.25.,00:2:16,soundtracks
Leather And Lace,Escape3,2000.11.3.,00:4:51,at work
Take me to church,Jason Derulo3,1975.7.22.,00:1:5,for parties
Dynamite,Nataliya3,1998.3.7.,00:2:54,for trips
Sympathy,ZZ Top3,1991.11.17.,00:2:14,charts
Shivers,Rafet El Roman3,1971.1.11.,00:1:54,at home
My Happy Ending,Enya3,2015.1.17.,00:3:20,at work
Just Like Fire,Nelly Furtado3,1993.11.2.,00:1:46,selection of experts
Build a Bitch,Marilyn Manson3,1970.9.2.,00:4:1,popular hits
FLY HIGH!!!,H.I.M3,1977.3.1.,00:3:37,new releases
Say It Right,Calvin Harris3,2001.3.14.,00:3:2,for children
La di die,Anastacia3,2010.11.24.,00:3:46,soundtracks
Strange Effect,Turbotronic3,1977.1.5.,00:4:5,charts
Take My Breath,Judas Priest3,1973.1.1.,00:2:34,for trips
Hometown Glory,A-ha3,1980.1.26.,00:3:6,for training
Chop Suey!,Morgernshtern3,1993.1.9.,00:1:30,for parties
VIVID VICE,EVE3,1975.11.8.,00:2:52,for running
One Step Closer,Lisa3,2000.6.14.,00:1:39,on the way
willow,Asking Alexandria3,1982.12.16.,00:2:35,at home
Like a Shadow,Hands Like Houses3,1982.11.1.,00:2:59,at home
Reason Living,Netta3,1991.8.10.,00:4:44,new releases
Salt,Little Big3,1996.1.3.,00:2:4,at work
Dancing On Dangerous,She Wants Revenge3,1979.9.18.,00:3:56,on the way
Violent Pornography,Dayseeker3,2002.11.2.,00:4:51,charts
Uno,Too Close To Touch3,2009.1.7.,00:3:20,selection of experts
Dusk Till Dawn,Nerv3,1970.8.11.,00:2:26,soundtracks
Surviving The Game,Glass Tides3,1980.5.15.,00:2:21,for children
Fireworks,Picturesque3,2014.3.25.,00:1:47,at home
Boyz N Da Club,The World Alive3,1977.2.20.,00:1:18,feats
If You Really Love Me (How Will I Know),Thosand Below3,1976.1.18.,00:2:21,popular hits
Love Or Lust,UVERworld3,2015.3.7.,00:4:44,soundtracks
Industry Baby,BURNOUT SYNDROMES3,1999.9.8.,00:1:19,for running
I Miss the Misery,Elvis Presley4,2019.2.23.,00:2:38,new releases
Cake By The Ocean,Elton John4,1981.1.12.,00:2:2,for children
Children,Bob Dylan4,1995.1.28.,00:4:6,at work
Toxicity,The Beatles4,1972.10.2.,00:2:4,for training
Alors On Danse,Eric Clapton4,2009.7.24.,00:2:50,charts
Ben,Queen4,2001.5.1.,00:2:56,soundtracks
Don't Speak,Rod Stewart4,1998.11.9.,00:4:59,for children
Don't be so shy,Johnny Cash4,1983.3.1.,00:1:22,at home
Crawling,Van Morrison4,1983.9.26.,00:3:41,for trips
Stupid Feelings,The Beach Boys4,2012.11.4.,00:2:3,at home
Somewhere Only We Know,Prince4,1970.5.15.,00:2:52,at work
Midnight City,Bruce Springsteen4,2016.3.25.,00:4:53,for parties
Painkiller,The Rolling Stones4,2012.9.25.,00:3:23,charts
Am I Wrong,Perry Como4,1978.8.18.,00:4:54,for trips
Bleed It Out,AC/DC4,2018.5.28.,00:3:26,for running
You Don't Fool Me,George Strait4,2009.8.5.,00:3:32,for parties
Moustache,David Bowie4,2001.10.11.,00:4:33,for training
Glory Box,Aerosmith4,1974.3.22.,00:1:47,new releases
Walking The Wire,Sarah Brightman4,1990.2.25.,00:2:30,soundtracks
Hypnodancer,Reba McEntire4,2005.12.20.,00:1:28,selection of experts
Dance Monkey,Michael Jackson4,2015.3.28.,00:1:48,feats
Youth,Eminem4,1985.11.8.,00:3:22,for running
No Friends In The Industry,James Taylor4,2006.4.2.,00:1:15,for children
By Your Side,Madonna4,2020.6.24.,00:1:53,for running
Dreamin,The Clash4,1970.5.2.,00:3:23,popular hits
Kiss Me More,Kris Kristofferson4,1979.4.6.,00:1:37,new releases
Lying In The Sunshine,Alice Cooper4,2011.2.28.,00:2:41,soundtracks
Give It Away,Kiss4,2005.5.23.,00:3:45,for children
My Life Is Going On,Neil Young4,2011.8.26.,00:1:7,at home
Head & Heart,Starset4,1999.11.12.,00:2:54,charts
One Step Closer,Dua Lipa4,2004.2.26.,00:1:11,for trips
Lovely,Normandie4,2009.3.12.,00:3:3,soundtracks
Stupid Feelings,Linked Horizon4,1983.11.1.,00:3:2,for training
Does Your Mother Know,Muse4,1990.4.16.,00:1:57,for running
About You Now,Coldplay4,2015.4.17.,00:2:25,at home
City Of Stars,Paramore4,2009.7.13.,00:4:57,feats
Collard Greens,Bring Me The Horizon4,1989.4.9.,00:3:5,on the way
Excuses,Cardi B4,2001.6.18.,00:4:10,soundtracks
Iron,Oasis4,1991.11.11.,00:4:42,charts
Butter,Black Sabbath4,2000.4.17.,00:1:53,for running
Imagine,Blur4,2009.6.3.,00:3:27,new releases
Hall of Fame,Arctic Monkeys4,1977.4.4.,00:2:49,feats
Gyalis,The Smiths4,1999.3.12.,00:4:10,selection of experts
Play That Funky Music,The Cure4,1978.7.28.,00:3:59,for children
Stay,Depeche Mode4,2014.3.7.,00:3:46,feats
Redemption,Placebo4,2004.5.1.,00:3:14,new releases
Tesla,One Direction4,2011.2.5.,00:1:48,for trips
Animals,Harry Styles4,2012.6.25.,00:4:38,new releases
Salt,Machine Gun Kelly4,2009.12.24.,00:4:53,on the way
Girls Want Girls,The Prodigy4,1982.9.18.,00:1:42,for running
I Miss the Misery,BTS4,2009.2.3.,00:3:50,for training
Don't Go Yet,Blackpink4,1980.5.2.,00:1:7,charts
Girls Want Girls,Deep Purple4,2015.2.23.,00:4:58,on the way
Seventh Heaven,Gorillaz4,1991.11.1.,00:1:57,for children
Chalk Outline,Christina Aguilera4,2014.10.15.,00:3:52,at home
Good 4 U,Britney Spears4,1994.1.17.,00:3:27,popular hits
Losing My Mind,Editors4,2020.10.7.,00:1:1,feats
Gone Forever,Our Last Night4,2000.10.8.,00:1:13,for parties
Salt,Sex Pistols4,2007.3.5.,00:1:25,at work
Visiting Hours,The Killers4,1981.9.16.,00:1:19,for running
Roses,Florence + the Machine4,1972.9.15.,00:4:53,selection of experts
Happier,Amy Winehouse4,1980.8.21.,00:2:47,for parties
Wasting My Youth,Sia4,1994.12.18.,00:3:35,for parties
Witch Hunt,P!nk4,1974.8.24.,00:2:50,new releases
Sympathy For The Devil,Genesis4,2006.12.15.,00:1:20,for parties
Flashbacks,Beyonce4,1995.5.28.,00:4:44,popular hits
Boyz N Da Club,Kelly Clarkson4,2009.2.2.,00:1:4,at work
Summertime Sadness,Enter Shikari4,2019.2.24.,00:4:32,at home
fleabag,Black Veil Brides4,2015.6.11.,00:3:28,for parties
Manana,Skillet4,2019.9.4.,00:1:51,on the way
Morrow,The Neighbourhood4,1981.9.13.,00:4:30,for training
BED,Jennifer Lopez4,2006.10.19.,00:4:16,charts
Get You Down,Shakira4,1996.2.28.,00:3:25,for training
Bad Habits,Fall Out Boy4,1985.10.27.,00:3:11,selection of experts
Cure (reimagined),Panic! At The Disco4,1992.5.17.,00:1:47,selection of experts
I Love You I Hate You,I See Stars4,1981.2.12.,00:4:37,popular hits
Call 911,Caskets4,2018.5.10.,00:4:5,new releases
Take Me Away,Scorpions4,1971.12.3.,00:2:22,for training
Wid It,System Of A Down4,1987.2.21.,00:3:50,for parties
Borrowed Time,Zero Horizon4,1981.6.4.,00:4:24,soundtracks
rockstar,All Time Low4,2000.3.26.,00:1:43,for running
Violent Pornography,Imagine Dragons4,1975.7.11.,00:3:13,for trips
Hypnodancer,Annisokay4,2011.10.21.,00:4:27,on the way
In Your Eyes,Hollywood Undead4,2007.4.23.,00:2:6,for running
Clean Again,A Day To Remember4,1975.5.28.,00:1:46,for parties
I Miss the Misery,Rise Against4,1991.4.11.,00:3:47,for parties
Billie (Loving Arms),I Prevail4,1988.3.21.,00:2:39,at home
Fly Away,Falling In Reverse4,2004.3.4.,00:4:36,on the way
Wasted,My Chemical Romance4,2007.7.22.,00:3:58,for running
Money Money Money,Crown The Empire4,2013.4.18.,00:2:8,at work
One Step Closer,Bad Omens4,1981.12.4.,00:2:56,for training
Love Me Tender,Royal Blood4,1978.12.17.,00:4:21,for trips
Excuses,Wildways4,2012.1.9.,00:2:54,soundtracks
Wrecking Ball,Slaves4,1984.7.21.,00:4:9,charts
Walking The Wire,FEVER444,2012.4.8.,00:2:9,soundtracks
